0,ieee conference on norbert wiener in the 21st century
1,international workshop on collaborative virtual environments
2,international 3d system integration conference
3,"three-dimensional image processing, measurement and applications"
4,eurographics workshop on 3d object retrieval
5,"3dtv conference: the true vision-capture, transmission and display of 3d video"
6,ieee symposium on 3d user interfaces
7,international conference on 3d vision
8,"international conference on p2p, parallel, grid, cloud and internet computing"
9,"est - international workshop on automating test case design, selection and evaluation"
10,conference on artificial intelligence
11,association for the advancement of assistive technology in europe congress
12,international conference on autonomous agents and multiagent systems
13,congresso brasileiro de pesquisadores em cibercultura
14,"international abz conference asm, alloy, b, tla, vdm, z"
15,international conference on augmented cognition
16,american control conference
17,asian conference on computer vision
18,international conference on advances in computer entertainment technology
19,international conference on advanced computational engineering and experimenting
20,iaria international conference on advances in computer-human interactions
21,international conference on affective computing and intelligent interaction
22,asia-pacific conference on intelligent robot systems
23,australasian conference on information security and privacy
24,advanced concepts for intelligent vision systems
25,annual meeting of the association for computational linguistics
26,creativity & cognition
27,acm symposium on computer and communications security
28,annual symposium on computer-human interaction in play
29,acm symposium on document engineering
30,acm international conference on advances in geographic information systems
31,international conference on experiences for tv and online video
32,acm interaction design and children
33,acm international conference on multimedia
34,acm symposium on cloud computing
35,applied cryptography and network security
36,australasian conference on robotics and automation
37,international conference on cellular automata for research and industry
38,computer security applications conference
39,east european conference on advances in databases and information systems
40,ow - international conference on ad-hoc networks and wireless
41,international workshop on advances in ict infrastructures and services
42,iaria international conference on advanced engineering computing and applications in sciences
43,international convention of the audio engineering society
44,congresso de engenharia de audio da audio engineering society brasil.
45,aes international conference on semantic audio
46,"workshop on programming based on actors, agents, and decentralized control"
47,conference on artificial general intelligence
48,agile conference
49,conference on geographic information science
50,augmented human international conference
51,nasa/esa conference on adaptive hardware and systems
52,canadian conference on artificial intelligence
53,acs/ieee international conference on computer systems and applications
54,international conference on application of information and communication technologies
55,iaria advanced international conference on telecommunications
56,intternational conference on artificial intelligence in education
57,aaai conference on artificial intelligence and interactive digital entertainment
58,ieee/asme international conference on advanced intelligent mechatronics
59,conference on artificial intelligence in medicine
60,advances in modal logic
61,"international conference on autonomous infrastructure, management and security"
62,ieee international conference on advanced information networking and applications
63,ieee international conference on advanced information networking and applications workshops
64,applied imagery pattern recognition workshop
65,acm workshop on artificial intelligence and security
66,international conference on artificial intelligence and statistics
67,international conference on algorithms for computational biology
68,workshop on applied combinatorial optimization
69,"allerton conference on communication, control, and computing"
70,audio mostly on interaction with sound
71,americas conference on information systems
72,workshop on analysis of movement data
73,annual symposium of the american medical informatics association
74,alberto mendelzon international workshop on foundations of data management
75,acm/ieee symposium on architectures for networking and communications systems
76,congresso da associacao nacional de pesquisa e pos-graduacao em musica
77,ieee international conference on advanced networks and telecommuncations systems
78,"international conference on probabilistic, combinatorial and asymptotic methods for the analysis of algorithms"
79,asia-pacific conference on computer aided system engineering
80,ieee asia pacific conference on circuits and systems
81,asian symposium on programming languages and systems
82,asia-pacific network operations and management symposium
83,approx-random
84,asia-pacific web conference
85,international symposium on applied reconfigurable computing
86,international conference on architecture of computing systems
87,"international conference on availability, reliability and security"
88,international workshop on argumentation in multiagent systems
89,international workshop on intelligent and resilient cities
90,workshop on adaptive and reflective middleware
91,international workshop on adaptive resource management and scheduling for cloud computing
92,ieee workshop on advanced robotics and its social impacts (arso)
93,association for research in vision and ophthalmology annual meeting
94,"ieee international conference on application-specific systems, architectures and processors"
95,ieee/acm international conference on automated software engineering
96,"acm asia symposium on information, computer and communications security"
97,annual international conference on the theory and applications of cryptology and information security
98,acm on asia conference on computer and communications security
99,"international conference on anti-counterfeiting, security, and identification in communication"
100,advanced satellite multimedia systems conference
101,ieee/acm international conference on advances in social networks analysis and mining
102,asia and south pacific design automation conference
103,international conference on architectural support for programming languages and operating systems
104,annual conference and international lidar mapping forum
105,international acm sigaccess conference on computers and accessibility
106,ieee/acm international workshop on automation of software testing
107,ieee international symposium on asynchronous circuits and systems
108,international workshop on agents in traffic and transportation
109,international symposium on automated technology for verification and analysis
110,audio mostly conference
111,international working conference on advanced visual interfaces
112,ieee international conference on advanced video and signal based surveillance
113,acm international conference on bioinformatics and computational biology and health informatics
114,conference of the british computer society human computer interaction specialist group
115,international conference on big data and cloud computing
116,acm international conference on distributed event-based systems
117,bioinformatics: from algorithms to applications
118,ieee international conference on bioinformatics and bioengineering
119,ieee international conference on bioinformatics and biomedicine
120,ieee international congress on bigdata
121,ieee international conference on big data security on cloud
122,ieee international conference on big data computing service and applications
123,ieee/acm international workshop on big data software engineering
124,international conference on agro bigdata and decision support systems in agriculture
125,ieee international conference on multimedia big data
126,acm sigspatial international workshop on analytics for big geospatial data
127,international conference on brain informatics and health
128,international conference on bioinformatics & computational biology
129,ieee ras & embs international conference on biomedical robotics and biomechatronics
130,world congress on biosensors
131,international conference of the biometrics special interest group
132,international conferences on perspectives in business informatics research
133,bayesian modeling applications workshop
134,international conference biomedical engineering and informatics
135,ieee international symposium on broadband multimedia systems and broadcasting
136,british machine vision conference
137,benelux conference on artificial intelligence
138,international conference on business process management
139,workshop on social and human aspects of business process management
140,brazilian conference on intelligent system
141,brazilian humanoid robot workshop
142,brazilian workshop on service robotics
143,brazilian workshop on social network analysis and mining
144,issnip biosignals and biorobotics conference
145,brazilian e-science workshop
146,brazilian symposium on bioinformatics
147,ieee-embs international conference on wearable and implantable body sensor networks
148,"ieee international conference on biometrics: theory, applications, and systems"
149,"international workshop on cloud for business, industry and enterprises"
150,computer-aided architectural design futures conference
151,international cad conference
152,international conference on automated deduction
153,international conference on computer-aided design and computer graphics
154,international conference on computer analysis of images and patterns
155,international conference on advanced information systems engineering
156,caise forum
157,ieee international workshop on computer aided modeling and design of communication links and networks
158,international symposium on computing and networking
159,international conference on cryptology and network security
160,workshop on collaborative agents research and development
161,latin american high performance computing conference
162,conference on computer animation and social agents
163,annual international conference on computer science and software engineering
164,ieee conference on automation science and engineering
165,"international conference on compilers, architecture, and synthesis for embedded systems"
166,international conference on computers and their applications
167,computers and advanced technology in education
168,international conference on computer aided verification
169,congresso brasileiro de automatica
170,congresso brasileiro de engenharia biomedica
171,ieee conference on business informatics
172,congresso brasileiro de informatica em saude
173,international workshop on content-based multimedia indexing
174,international symposium on computer-based medical systems
175,ieee international conference on cyborg and bionic systems
176,international acm sigsoft symposium on component-based software engineering
177,congresso brasileiro de sistemas fuzzy
178,congresso brasileiro de telemedicina e telesaude
179,international conference on compiler construction
180,ieee conference on computational complexity
181,canadian conference on computational geometry
182,canadian conference on electrical and computer engineering
183,"ieee/acm international symposium on cluster, cloud and grid computing"
184,conference of computational interdisciplinary science
185,annual ieee consumer communications & networking conference
186,acm symposium on computer and communications security
187,workshop on core computations on spatial information
188,ieee conference on decision and control
189,international conference on digital health
190,"international conference on cooperative design, visualization, and engineering"
191,ieee congress on evolutionary computation
192,international conference for e-democracy and open government
193,cognition and exploratory learning in digital age
194,conference on enterprise information systems
195,acm international conference on computing frontiers
196,international conference on cloud and green computing
197,computer graphics international conference
198,international conference on computer graphics and imaging
199,international symposium on code generation and optimization
200,international workshop on cooperative and human aspects of software engineering
201,conference on cryptographic hardware and embedded systems
202,acm conference on human factors in computing systems
203,conference on human information interaction and retrieval
204,acm sigchi annual symposium on computer-human interaction in play
205,iberoamerican congress on pattern recognition
206,ieee conference on computational intelligence in bioinformatics and computational biology
207,conferencia iberoamericana de software engineering
208,international conference on collaboration and internet computing
209,ieee custom integrated circuits conference
210,international conference on intelligent text processing and computational linguistics
211,symposium on computational intelligence for communication systems and networks
212,symposium on computational intelligence in cyber security
213,congresso internacional de design da informacao
214,symposium on computational intelligence and data mining
215,biennial conference on innovative data systems research
216,computability in europe
217,ieee conference on computational intelligence and games
218,acm international conference on information and knowledge management
219,iberian latin american congress on computational methods
220,international congress on numerical methods in engineering and applied sciences
221,"ieee symposium on computational intelligence for multimedia, signal and vision processing"
222,"international conference on complex, intelligent, and software intensive systems"
223,cyber security and information intelligence research workshop
224,iberian conference on information systems and technologies
225,ieee international conference on computer and information technology
226,"international conference on computer, information, and telecommunication systems"
227,ieee symposium on computational intelligence in vehicles and transportation systems
228,corpus linguistics conference
229,workshop on computational linguistics for linguistic complexity
230,conference and labs of the evaluation forum
231,conferencia latinoamericana de informatica
232,latin american conference on human computer interaction
233,international conference on cloud computing and services science
234,ieee international conference on cloud computing technology and science
235,"iaria international conference on cloud computing, grids, and virtualization"
236,ieee international workshop on cloud data management
237,ieee international conference on cloud networking
238,international conference on cloud computing technologies and applications
239,ieee international conference on cluster computing
240,international symposium on computer methods in biomechanics and biomedical engineering - 29
241,international conference on concept mapping
242,international symposium on computer music multidisciplinary research
243,congress on numerical methods in engineering
244,international conference on computational methods in systems biology
245,congresso nacional de matematica aplicada e computacional
246,ieee conference on communications and network security
247,international conference on network and service management
248,workshop on computing techniques for spatio-temporal data in archaeology and cultural heritage - 21
249,international workshop on exploring component-based techniques for constructing reference architectures
250,international conference on combinatorial optimization and applications
251,international computing and combinatorics conference
252,acm conference on data and application security and privacy
253,international conference on hardware/software codesign and system synthesis
254,ieee conference on games
255,international workshop on cognitive aspects of information systems engineering
256,iaria international conference on advanced cognitive technologies and applications
257,annual meeting of the cognitive science society
258,ieee international multi-disciplinary conference on cognitive methods in situation awareness and decision support
259,"international workshop on coordination, organisations, institutions and norms"
260,international conference on computational linguistics
261,cologne-twente workshop on graphs and combinatorial optimization
262,conference on learning theory
263,international conference on computational models of argument
264,symposium on logical formalizations of commonsense reasoning
265,international symposium on computational geometry
266,international symposium compimage
267,international conference on complex networks
268,"annual international computers, software & applications conference"
269,international conference on computer systems and technologies
270,seminario de computacao e mercado
271,international conference on communication systems & networks
272,international workshop on computational social choice
273,international conference on concurrency theory
274,conference on emerging network experiment and technology
275,international conference on information resources management
276,conference on natural language learning
277,international conference on information systems and technology management
278,pm - international workshop on context for business process management
279,international conference on cooperative information systems
280,international conference on spatial information theory
281,conference on online social networks
282,computer on the beach
283,workshop of urban computing
284,international conference on principles and practice of constraint programming
285,communicating process architectures
286,annual symposium on combinatorial pattern matching
287,international conference on certified programs and proofs
288,international conference on collaboration and technology
289,congresso sobre tecnologias na educacao
290,international cryptology conference
291,international conference on computational systems-biology and bioinformatics
292,siam workshop on combinatorial scientific computing
293,international conference on computational science and computational intelligence
294,international conference on computer supported collaborative learning
295,international conference on cyber security and cloud computing
296,ieee conference on standards for communications and networking
297,acm conference on computer supported cooperative work & social computing
298,international conference on scientific computing
299,ieee international conference on computer supported cooperative work in design
300,conference of the system dynamics society
301,international conference on computational science and engineering
302,international conference on computer supported education
303,conference on software engineering education and training
304,ieee computer security foundations symposium
305,e - international workshop on crowdsourcing in software engineering
306,conference for computer science logic
307,conference on computer simulation of musical creativity
308,european conference on software maintenance and reengineering
309,"international symposium on communication systems, networks and digital signal processing"
310,rsa conference cryptographers' track
311,international conference on computational thinking education
312,ieee conference on computer vision and pattern recognition
313,ieee conference on computer vision and pattern recognition workshops
314,design automation conference
315,international conference on digital audio effects
316,international conference on distributed applications and interoperable systems
317,international workshop on data management on new hardware
318,international symposium on distributed autonomous robotic systems
319,international workshop on document analysis systems
320,international conference on database systems for advanced applications
321,conference on design and architectures for signal and image processing
322,iaria international conference on data analytics
323,"design, automation and test in europe conference and exhibition"
324,international conference on big data analytics and knowledge discovery
325,"iaria international conference on advances in databases, knowledge, and data applications"
326,ifip wg 11.3 conference on data and applications security and privacy
327,international symposium on distributed computing and artificial intelligence
328,workshop on detection and classification of acoustic scenes and events
329,data compression conference
330,acm workshop on distributed cloud computing
331,international workshop on developments in computational models
332,international conference on distributed computing in sensor systems
333,ieee international symposium on design and diagnostics of electronic circuits and systems
334,international conference on data envelopment analysis
335,international conference on distributed and event-based systems
336,elcomex - international conference on dependability and complex systems
337,workshop de desafios da computacao aplicada a educacao
338,international conference on developments in esystems engineering
339,international conference on database and expert systems applications
340,ieee international symposium on defect and fault tolerance in vlsi systems
341,ieee international symposium on defect and fault tolerance of vlsi systems
342,discrete geometry for computer imagery
343,annual international conference on digital government research
344,digital heritage
345,"international conference on digital human modeling - applications in health, safety, ergonomics and risk management"
346,digital games research association international conference
347,international conference on data integration in life sciences
348,conference on designing interactive systems
349,international symposium on distributed computing
350,acm symposium on development and analysis of intelligent vehicular networks and applications
351,international workshop on description logics
352,international conference on data mining and applications
353,workshop on interactions between data mining and natural language processing
354,international conference on distributed multimedia systems
355,acm sigweb international symposium on document engineering
356,international workshop on data warehousing and olap
357,international workshop on data privacy management
358,international conference on the design of reliable communication networks
359,"workshop on micro aerial vehicle networks, systems, and applications for civilian use"
360,international conference on discovery science
361,ieee/acm international symposium on distributed simulation and real-time applications
362,ieee international conference on data science and advanced analytics
363,international conference on software development for enhancing accessibility and fighting info-exclusion
364,ieee conference on dependable and secure computing
365,euromicro conference on digital system design
366,annual ieee/ifip international conference on dependable systems and networks
367,ieee international conference on dependable systems and networks workshops
368,international conference on digital signal processing
369,ieee/acm international symposium on distributed simulation and real time applications
370,ieee symposium on new frontiers in dynamic spectrum access networks
371,iadis international conference on e-learning
372,international conference on artificial evolution
373,conference of the european chapter of the association for computational linguistics
374,ieee conference on evolving and adaptive intelligent systems
375,internation conference on engineering applications of neural networks
376,international conference on evaluation and assessment in software engineering
377,euro american conference on telematics and information systems
378,acm conference on economics and computation
379,ec-tel - european conference on technology enhanced learning
380,european conference on artificial intelligence
381,european conference on artificial life
382,european control conference
383,european conference on cognitive ergonomics
384,european conference on circuit theory and design
385,european conference on computer vision
386,european conference on cyber warfare and security
387,european conference on information retrieval
388,european conference on information systems
389,european conference on modelling foundations and applications
390,european conference on machine learning and principles and practice of knowledge discovery in databases
391,european conference on mobile robots
392,european conference on modelling and simulation
393,european conference on object-oriented programming
394,euromicro conference on real-time systems
395,european conference on software architecture
396,european conference on software architecture workshops
397,european conference on symbolic and quantitative approaches to reasoning and uncertainty
398,international conference on evolutionary computation theory and applications
399,european conference on technology enhanced learning
400,international conference on electronic commerce and web technologies
401,international conference on extending database technology
402,european dependable computing conference
403,international conference on educational data mining
404,ieee international enterprise distributed object computing conference
405,"international conference on e-learning, e-business, enterprise information systems, and e-government"
406,international conference on electronic government
407,international conference on electronic government/international conference for e-democracy and open government
408,international conference on electronic government and the information systems perspective
409,acm sigchi symposium on engineering interactive computing systems
410,international conference on emerging intelligent data and web technologies
411,spie human vision and electronic imaging
412,"iaria international conference on information, process, and knowledge management"
413,"electronics, computers and artificial intelligence"
414,international workshop on the use of gis in emergency management
415,international workshop on engineering multiagent systems
416,annual international conference of the ieee engineering in medicine and biology society
417,ieee-embs international conference on biomedical and health informatics
418,conference on empirical methods in natural language processing
419,international conference on evolutionary multi-criterion optimization
420,acm international conference on embedded software
421,encontro nacional da associacao nacional de pos-graduacao e pesquisa em administracao
422,international conference on evaluation of novel approaches to software engineering
423,"iaria international conference on smart grids, green communications and it energy-aware technologies"
424,encontro nacional de inteligencia artificial e computacional
425,european network intelligence conference
426,portuguese conference on artificial intelligence
427,international conference on conceptual modeling
428,acm sigplan erlang workshop
429,european symposium on algorithms
430,"european symposium on artificial neural networks, computational intelligence and machine learning"
431,cience - ieee international conference on e-science
432,joint meeting on european software engineering conference and foundations of software engineering
433,workshop latinoamericano de ingenieria de software experimental
434,acm/ieee international symposium on empirical software engineering and measurement
435,european conference on service-oriented and cloud computing
436,european symposium on programming
437,european symposium on research in computer security
438,european solid state circuits conference
439,european solid state device research conference
440,extended semantic web conference
441,european semantic web conference
442,"iaria international conference on ehealth, telemedicine, and social medicine"
443,ieee international conference on emerging technologies and factory automation
444,biennial acm symposium on eye tracking research & applications
445,ieee european test symposium
446,ieee/ifip international conferences on embedded and ubiquitous computing
447,european conference on networks and communications
448,european conference on multi-agent systems
449,european conference on operational research
450,european workshop on computational geometry
451,"european conference on combinatorics, graph theory and applications"
452,international conference on theory and applications of cryptographic techniques
453,european conference on genetic programming
454,european association for computer graphics
455,eurohaptics
456,european conference on interactive tv and video
457,euromicro conference on software engineering and advanced applications
458,european mpi users group meeting
459,european conference on parallel computing
460,parallel processing workshops
461,european public key infrastructure workshop
462,european conference on pattern languages of programs
463,congress on modelling and simulation
464,european conference on software process improvement
465,european conference on computer systems
466,eg/vgtc conference on visualization
467,eurovis workshop on visual analytics (eurova)
468,conference of the european society for fuzzy logic and technology
469,european signal processing conference
470,european workshop on visual information processing
471,electronic visualisation and the arts
472,european conference on the applications of evolutionary computation
473,european conference on evolutionary computation in combinatorial optimization
474,embedded world conference
475,european workshop on software defined networks
476,european conference on wireless sensor networks
477,workshop on exascale mpi
478,experiment@ international conference
479,international conference on formal aspects of component software
480,international conference on fundamental approaches to software engineering
481,usenix conference on file and storage technologies
482,international conference on financial cryptography and data security
483,ieee annual international symposium on field-programmable custom computing machines
484,international symposium on fundamentals of computation theory
485,international conference on fuzzy computation theory and applications
486,foundations of digital games
487,forum on specification and design languages
488,international conference on frontiers in education: computer science and computer engineering
489,federated conference on computer science and information systems
490,conference on formal grammar
491,ieee international conference on automatic face and gesture recognition
492,international conference on future internet of things and cloud
493,ieee frontiers in education conference
494,international conference on frontiers of information technology
495,international florida artificial intelligence conference
496,international symposium on formal methods
497,international conference on formal methods in computer-aided design
498,ieee symposium on foundations of computational intelligence
499,ieee annual symposium on foundations of computer science
500,acm conference on foundations of genetic algorithms
501,international symposium on foundations on information and knowledge systems
502,international conference on formal ontology in information systems
503,international conference on formal modeling and analysis of timed systems
504,international workshop on feature-oriented software development
505,international conference on foundations of software science and computation structures
506,symposium on field programmable gate arrays
507,international conference on field-programmable logic and applications
508,international symposium on frontiers of combining systems
509,international conference on formal structures for computation and deduction
510,fast software encryption
511,international conference on fuzzy systems and knowledge discovery
512,annual conference on foundations of software technology and theoretical computer science
513,future technologies conference
514,workshop on fault tolerance for hpc at extreme scale
515,international conference on information fusion
516,ieee international conference on fuzzy systems
517,annual simulation and ai in games conference
518,international workshop on games and software engineering
519,ieee global conference on consumer electronics
520,genetic and evolutionary computation conference
521,"international conference on economics of grids, clouds, systems and services"
522,"ieee games, entertainment, media conference"
523,international workshop on ai for geographic knowledge discovery
524,brazilian symposium on geoinformatics
525,workshop on privacy in geographic information collection and analysis
526,"iaria international conference on advanced geographic information systems, applications, and services"
527,international workshop on geospatial simulation
528,graphics interface conference
529,global information infrastructure and networking symposium
530,global internet of things summit
531,workshop on geographic information retrieval
532,acm sigspatial international conference on advances in geographic information systems
533,international conference on geographic information science
534,workshop of the ais special interest group for ict in global development
535,global conference on signal and information processing
536,ieee global communications conference
537,great lakes symposium on vlsi
538,acm great lakes symposium on vlsi
539,international conference on grid and pervasive computing
540,acm international conference on generative programming: concepts and experiences
541,international workshop on querying graph structured data (edbt)
542,international conference on computer graphics theory and applications
543,ieee international conference on green computing and communications
544,international workshop on green and sustainable software
545,international conference on supporting group work
546,workshop on new directions in geovisual analytics
547,international conference on hybrid artificial intelligence systems
548,ieee haptics symposium
549,ieee international symposium on high assurance systems engineering
550,international conference on human-computer interaction
551,workshop on human computer interaction in third places
552,international conference on health and social care information systems and technologies
553,conference on human computation and crowdsourcing
554,international working conference on human-centred software engineering
555,"ieee international conference on e-health networking, application & services"
556,international conference on health informatics
557,hawaii international conference on system sciences
558,ieee international conference on high performance computing
559,international conference on hybrid intelligent systems
560,international workshop on hybrid metaheuristics
561,ieee international symposium on hardware oriented security and trust
562,acm workshop on hot topics in networks
563,ieee international symposium on high performance computer architecture
564,international conference on high performance computing and communications
565,international conference on high performance computing & simulation
566,international symposium on high performance distributed computing
567,high-performance graphics
568,workshop on high performance and programmable networking
569,ieee high performance switching and routing
570,workshop on hybrid reasoning
571,acm/ieee international conference on human robot interaction
572,acm conference on hypertext and social media
573,ieee ras international conference on humanoid robot
574,international haifa verification conference
575,acm conference on hypertext and hypermedia
576,ieee international instrumentation and measurement technology conference
577,international conference of the italian association for artificial intelligence
578,industry applications society annual meeting
579,ieee/wic/acm international conference on intelligent agent technology
580,ifac symposium on intelligent autonomous vehicles
581,ibero-american conference on artificial intelligence
582,workshop iberchip
583,iberian conference on pattern recognition and image analysis
584,ieee international conference on cloud engineering
585,"international joint conference on knowledge discovery, knowledge engineering and knowledge management"
586,international conference on algorithms and architectures for parallel processing
587,international conference on agents and artificial intelligence
588,international conference on autonomic computing
589,international conference on adaptive and intelligent systems
590,international conference on artificial intelligence and soft computing
591,international conference on artificial intelligence
592,"international colloquium on automata, languages, and programming"
593,ieee international conference on advanced learning technologies
594,international conference on artificial neural networks
595,international conference on automated planning and scheduling
596,international conference on advanced robotics
597,"international conference on control, automation, robotics and vision"
598,international conference on advanced robotics and mechatronics
599,international conference on artificial life and robotics
600,ieee international conference on autonomous robot systems and competitions
601,"international conference on control, automation, robotics and vision"
602,iaria international conference on autonomic and autonomous systems
603,"ieee international conference on acoustics, speech and signal processing"
604,international conference on artificial reality and telexistence
605,international conference on biometrics
606,ieee international conference on communications
607,ieee international conference on control and automation
608,international conference on computational advances in bio and medical sciences
609,ieee/acm international conference on computeraided design
610,"international conference on control, automation and robotics"
611,international conference on computational creativity
612,international conference on computers communications and control
613,international conference on computer communications and networks
614,international conference on computer design
615,"international caribbean conference on devices, circuits and systems"
616,ieee international conference on consumer electronics
617,international conference on computers in education
618,ieee international conference on consumer electronics berlin
619,ieee international conference on consumer electronics taiwan
620,international conference on computers helping people with special needs
621,international conference on computational intelligence and computing research
622,international conference on computational logistics
623,"international conference on computing, networking and communications"
624,ieee international conference on intelligent computer communication and processing
625,international conference on cyber-physical systems
626,international command and control research and technology symposium
627,international conference on computational science
628,international conference on computational science and its applications
629,ieee international conference on computer vision
630,international conference on connected vehicles & exp
631,ieee international conference on computer vision workshops
632,ieee international conference on communications workshops
633,international conference on document analysis and recognition
634,international conference on distributed computing and networking
635,international conference on distributed computing systems
636,international conference on distributed computing systems workshops
637,ieee international conference on data engineering
638,ifip international conference on digital forensics
639,international conference on digital information management
640,international conference on digital image processing
641,ieee international conference on data mining
642,ieee international conference on data mining workshop (icdmw)
643,international conference on imaging for crime detection and prevention
644,iaria international conference on digital society
645,ieee international conference on digital signal processing
646,international conference on database theory
647,"international conference on emerging trends in computing, communication and nanotechnology"
648,ieee international conference on e-business engineering
649,ifip international conference on entertainment computing
650,international conference on engineering of complex computer
651,"ieee international conference on electronics, circuits and systems"
652,international conference on engineering design
653,international conference on theory and practice of eletronic governance
654,international conference on enterprise information systems
655,international computing education research
656,"international conference of education, research and innovation"
657,international conference on formal engineering methods
658,international conference on frontiers in handwriting recognition
659,international conference on functional programming
660,"international conference on game jams, hackathons, and game creation events"
661,ieee international conference on global software engineering
662,international conference on graph transformations
663,international conference on graph transformation
664,ieee international conference on healthcare informatics
665,ieee international conference on harmonics and power quality
666,international conference on image analysis and processing
667,international conference on image analysis and recognition
668,international conference on intelligent computing
669,international conference on information and communications security
670,international conference on interactive digital storytelling
671,international conference on industrial engineering and operations management
672,international conference on image and graphics
673,"international conference on innovations in information, embedded and communication systems"
674,"international conference on informatics in control, automation and robotics"
675,international conference on the internet of things
676,ieee international conference on image processing
677,international conference on information quality
678,international conference on information systems
679,international conference on information security and cryptology
680,international conference on informatics and semiotics in organisations
681,international conference on information systems security
682,international conference on information systems security and privacy
683,international conference on information and software technologies
684,ieee international conference on industrial technology
685,international conference on information theoretic security
686,international conference for internet technology and secured transactions
687,international conference on information visualisation
688,"international conference on image, vision and computing"
689,iaria international conference on internet and web applications and services
690,international conference on interactive collaborative learning
691,indian conference on logic and its applications
692,international conference on logic programming
693,international conference on learning representations
694,international conference on microelectronics
695,ieee international conference on mechatronics and automation
696,international computer music conference
697,"international conference on mechatronics, control and robotics"
698,ieee international conference on multimedia computing and systems
699,ieee international conference on multimedia and expo
700,ieee international conference on multimedia and expo workshops
701,acm international conference on multimodal interfaces
702,international conference on machine learning
703,ieee international conference on machine learning and applications
704,international conference on music perception and cognition
705,acm international conference on multimedia retrieval
706,acm international conference on information-centric networking
707,iaria international conference on networks
708,international conference on natural computation
709,"international conference on natural computation, fuzzy systems and knowledge discovery"
710,international conference on network protocols
711,iaria international conference on networking and services
712,"ieee international conference on networking, sensing and control"
713,international conference on information networking
714,international conference on internet computing and internet of things
715,international conference on neural information processing
716,iaria international conference on systems
717,international conference on operations research and enterprise systems
718,ieee international conference on rehabilitation robotics
719,international conference on parallel and distributed systems
720,international conference on program comprehension
721,international conference on performance engineering
722,"international conference on philosophy, music and emotion"
723,international conference on parallel processing
724,international conference on pattern recognition
725,ieee international conference on robotics and automation
726,international conference on robotics and automation engineering
727,international conference on supercomputing
728,working ieee/ifip conference on software architecture
729,international conference on semantic computing
730,international conference on software engineering
731,iaria international conference on software engineering advances
732,international conference on software engineering workshops
733,international conference on swarm intelligence
734,international conference on smart learning environments
735,ieee international conference on software maintenance and evolution
736,iaria international conference on systems and networks communications
737,international conference on software business
738,international conference on service oriented computing
739,international conference on software technologies
740,"international conference on signal processing, communication, power and embedded system"
741,international conference on software reuse
742,international conference on sensing technology
743,"ieee international conference on software testing, verification and validation"
744,international conference on telecommunications
745,international colloquium on theoretical aspects of computing
746,ieee international conference on tools with artificial intelligence
747,italian conference on theoretical computer science
748,conference on the theory of information retrieval
749,international conference on transparent optical networks
750,ifip international conference on testing software and systems
751,international conference on unmanned aircraft systems
752,international conference on ultra modern telecommunications
753,international conference on visualization: imaging and image processing
754,international conference on virtual rehabilitation
755,international conference on virtual reality and visualization
756,international conference on computer vision systems
757,international conference on web engineering
758,international conference on www/internet
759,iaria international conference on wireless and mobile communications
760,international conference on wireless networks
761,ieee international conference on web services
762,international aaai conference on web and social media
763,international symposium on intelligent distributed computing
764,international conference on internet and distributed computing systems
765,international conference on intelligent data engineering and automated learning
766,international database engineering and applications symposium
767,international conference on industrial engineering & other applications of appled intelligence systems
768,annual conference of the ieee industrial electronics society
769,ieee international escience conference
770,ieee international conference on imaging systems and techniques
771,ieee conference on nanotechnology
772,ieee symposium on security and privacy
773,ieee visualization
774,ieee international conference on cloud computing
775,ieee symposium on intelligent agents
776,ieee international conference on cognitive computing
777,ieee international symposium on wearable computers
778,international conference on nanotechnology
779,ieee international conference on services computing
780,international congress on environmental modelling & software
781,ifip international embedded systems symposium
782,world congress of the international federation of automatic control
783,ifip international information security conference
784,international conference on integrated formal methods
785,world congress of international fuzzy systems association
786,international conference on fuzzy theory and its applications
787,ieee international geoscience and remote sensing symposium
788,ieee international games innovation conference
789,international green and sustainable computing conference
790,acm workshop on information hiding and multimedia security
791,simposio brasileiro sobre fatores humanos em sistemas computacionais
792,conference francophone sur linteraction homme-machine
793,international conference on intelligent information hiding and multimedia signal processing
794,italian information retrieval workshop
795,ieee international symposium on workload characterization
796,international conference on information integration and web-based applications & services
797,international joint conference on artificial intelligence
798,international joint conference on automated reasoning
799,ieee international joint conference on biometrics        
800,international joint conference on computational intelligence
801,international joint conference on natural language processing
802,ieee international joint conference on neural networks
803,interaction latin america
804,international conference on inductive logic programming
805,ifip/ieee international symposium on integrated network management
806,acm internet measurement conference
807,"international conference on interactive mobile communication, technologies and learning"
808,international conference on ubiquitous information management and communication
809,international conference on innovative mobile and internet services in ubiquitous computing
810,sbmo/ieee mtt-s international microwave and optoelectronics conference
811,"annual international mixed-signals, sensors and systems test workshop"
812,international conference on intelligent networking and collaborative systems
813,ieee international conference on industrial informatics
814,international conference on cryptology in india
815,international conference on industry applications
816,ieee international conference on computer communications
817,ieee information visualization
818,international natural language generation conference
819,international network optimization conference
820,international conference on innovative computing technology
821,"international technology, education and development conference"
822,iaria international conference on intelligent systems and applications
823,sai intelligent systems conference
824,international conference on human computer interaction
825,ifip tc 13 international conference on human-computer interaction
826,conference of the international speech communication association
827,ieee international on-line testing symposium
828,workshop on internet of things for ambient assisted living
829,international conference on internet of things and big data and security
830,"international conference on internet of things, data and cloud computing"
831,international provenance and annotation workshop
832,"international performance, computing, and communications conference"
833,conference on integer programming and combinatorial optimization
834,"international conference on image processing, computer vision, and pattern recognition"
835,international population data linkage network
836,ieee international parallel & distributed processing symposium
837,ieee international parallel & distributed processing symposium workshops
838,international symposium on parameterized and exact computation
839,international conference on information processing and management of uncertainty in knowledge-based systems
840,international conference on image processing and pattern recognition
841,international conference on information processing in sensor networks
842,international conference on image processing theory tools and applications
843,ieee international conference on information reuse and integration
844,ieee international symposium on robotics and intelligent sensors
845,"international conference on infrared, millimeter, and terahertz waves"
846,ieee/rsj international conference on intelligent robots and systems
847,international symposium algorithms and computation
848,international symposium on autonomous decentralized systems
849,ieee international symposium on assembly and manufacturing
850,international symposium on ambient intelligence
851,international conference on intelligent system applications to power systems
852,ieee international symposium on biomedical imaging
853,international symposium on bioinformatics research and applications
854,international supercomputing conference
855,international conference on information security
856,ieee international smart cities conference
857,international symposium on computer architecture
858,ieee international symposium on circuits and systems
859,international symposium on computers and communications
860,ieee international symposium on consumer electronics
861,international symposium on computer and information sciences
862,international symposium on combinatorial optimization
863,international conference on information systems for crisis response and management
864,international conference on intelligent systems design and applications
865,international conference on information systems development
866,international symposium on electronic arts
867,information systems education conference
868,international symposium on experimental robotics
869,ud - international symposium on end-user development
870,ieee pes innovative smart grid technologies
871,ieee pes innovative smart grid technologies conference europe
872,europe - ieee international conference on innovative smart grid technologies
873,ieee international conference on intelligence and security informatics
874,international symposium on integrated circuits
875,ieee international symposium on industrial electronics
876,international conference on information security
877,international symposium on information theory
878,international symposium on low power electronics and design
879,ieee international symposium on multimedia
880,international symposium on mixed and augmented reality
881,intelligent systems for molecular biology / european conference on computational biology
882,international symposium on measurement and control in robotics
883,international society for music information retrieval conference
884,international symposium on methodologies for intelligent systems
885,international symposium on mathematical morphology
886,international symposium on medical robotics
887,ieee international symposium on multiple-valued logic
888,international symposium on neural networks
889,"international symposium on leveraging applications of formal methods, verification and validation"
890,ieee international symposium on realtime distributed computing
891,ieee international symposium on parallel and distributed processing with applications
892,ieee international symposium on performance analysis of systems and software
893,acm international symposium on physical design
894,international symposium on parallel and distributed computing
895,international symposium on quality electronic design
896,ieee international conference on intelligence and safety for robotics
897,acm international conference on interactive surfaces and spaces
898,information security for south africa
899,ieee international solid-state circuits conference
900,international society of scientometrics and informetrics conference
901,ieee international symposium on signal processing and information technology
902,ieee international symposium on software reliability engineering
903,ieee international symposium on software reliability engineering workshops
904,international symposium on software testing and analysis
905,international i*workshop
906,international symposium on visual computing
907,ieee computer society annual symposium on vlsi
908,information security conference
909,international semantic web conference
910,international symposium on wireless communication systems
911,international symposium on wireless and pervasive computing
912,international conference on internet technologies and applications
913,international test conference
914,conference on innovations in theoretical computer science
915,international conference on information technology based higher education and training
916,conference on innovation and technology in computer science education
917,international conference on information technology : new generations
918,international conference on interactive theorem proving
919,international conference on intelligent tutoring systems
920,ieee international conference on intelligent transportation systems
921,interactive tabletops and surfaces
922,international conference on intelligent user interfaces
923,international conference on information visualization
924,international conference on intelligent virtual agents
925,international conference on information visualization theory and applications
926,international conference image and vision computing new zealand
927,intelligent vehicles symposium
928,international work-conference on artificial and natural neural networks
929,international work-conference on bioinformatics and biomedical engineering
930,international workshop on biometrics and forensics
931,international wireless communications and mobile computing conference
932,international workshop on computational semantics
933,international workshop on computational transportation science
934,international workshop on combinatorial algorithms
935,international workshop on principles of software evolution
936,ieee/acm international symposium on quality of service
937,iberchip workshop
938,international workshop on software ecosystems
939,international workshop on science gateways
940,"international conference on systems, signals and image processing"
941,international workshop on telecommunications
942,acm/ieee joint conference on digital libraries
943,joint international conference on serious games
944,international joint conference on computer science and software engineering
945,international conference on legal knowledge and information systems
946,acm sigkdd conference on knowledge discovery and data mining
947,international conference on knowledge discovery and information retrieval
948,"symposium on knowledge discovery, mining and learning"
949,international conference on knowledge-based and intelligent information & engineering systems
950,msta - international kes conference on agents and multi-agent systems: technologies and applications
951,international conference on knowledge engineering and semantic web
952,international conference on knowledge management in organizations
953,workshop on knowledge discovery and data mining meets linked open data
954,international conference on principles of knowledge representation and reasoning
955,acm conference on learning @ scale
956,ci - latin american conference on computational intelligence
957,latin american web congress
958,linux audio conference
959,latin american conference on learning objects and technologies
960,latin-american symposium on dependable computing
961,"latin-american algorithms, graphs and optimization symposium"
962,international learning analytics and knowledge conference
963,latin american networking conference
964,ieee international symposium on local and metropolitan area networks
965,latin-american network operations and management symposium
966,ieee latin american robotics symposium
967,simposio brasileiro de robotica
968,ieee latin american symposium on circuits and systems
969,latin american symposium on theoretical informatics
970,ieee latin america conference on cloud computing and communications
971,ieee latin-american conference on communications
972,international conference on cryptology and information security in latin america
973,ieee latin american test symposium
974,latin american test workshop
975,linguistic annotation workshop
976,latin american workshop on cliques in graphs
977,latin-american workshop on computational neuroscience
978,workshop on lowest cost denominator networking for universal access
979,ieee conference on local computer networks
980,"acm sigplan/sigbed conference on languages, compilers, and tools for embedded systems"
981,"acm sigplan/sigbed conference on languages, compilers, and tools for real-time systems"
982,ieee symposium on large data analysis and visualization
983,symposium on logical foundations of computer science
984,ieee symposium on logic in computer science
985,workshop on learning with imbalanced domains: theory and applications
986,workshop on linked democracy : artificial intelligence for democratic innovation
987,learning and intelligent optimization conference
988,"international conference on logistics, informatics and services sciences"
989,"international workshop on location-based recommendations, geosocial networks and geoadvertising"
990,international workshop on location and the web
991,location privacy and security workshop
992,"international conference on logic for programming, artificial intelligence and reasoning"
993,international conference on logic programming and non-monotonic reasoning
994,international conference on language resources and evaluation
995,"workshop on logical and semantic frameworks, with applications"
996,international workshop on learning technology for education challenges
997,workshop on middleware for context-aware applications in the iot
998,international workshop on multi-agent based simulation
999,international workshop on management of sdn and nfv systems
1000,international workshop on multimedia analysis and retrieval for multimodal interaction
1001,"international symposium on the modeling, analysis, and simulation of computer and telecommunication systems"
1002,workshop in multiagent system based learning environments
1003,mobility analytics from spatial and social data
1004,german conference on multiagent system technologies
1005,international workshop on model-based metaheuristics
1006,international conference on multiple criteria decision making
1007,international conference on mathematics and computation in music
1008,mexican conference on pattern recognition
1009,international workshop on multiple classifier systems multiple classifier systems
1010,international symposium on embedded multicore/many-core systems-on-chip
1011,international conference on modeling decisions for artificial intelligence
1012,ieee international conference on mobile data management
1013,mediterranean conference on control and automation
1014,international conference on management of emergent digital ecosystems
1015,mediterranean ad hoc networking workshop
1016,workshop on manufacturable and dependable multicore architectures at nanoscale
1017,world congress on medical and health informatics
1018,ieee international symposium on medical measurements and applications
1019,ieee/asme international conference on mechatronic and embedded systems and applications
1020,international workshop on meta-learning and algorithm selection
1021,international symposium on mathematical foundations of computer science
1022,ieee international conference on multisensor fusion and integration for intelligent systems
1023,metaheuristics international conference
1024,mexican international conference on artificial intelligence
1025,international conference on medical image computing and computer assisted intervention
1026,ieee/acm international symposium on microarchitecture
1027,international middleware conference
1028,medical informatics europe
1029,acm siggraph conference on motion in games
1030,"international conference on microwave, radar and wireless communications"
1031,workshop on modeling in software engineering
1032,international conference on machine learning and data mining in pattern recognition
1033,ieee international workshop on machine learning for signal processing
1034,international conference on methods and models in automation and robotics
1035,international conferences on advances in multimedia
1036,international conference on multimedia modelling
1037,international workshop on multilayer music representation and processing
1038,international workshop on multimedia and signal processing
1039,acm multimedia systems conference
1040,workshop on mobility in the evolving internet architecture
1041,acm/ieee international conference on mobile computing and networking
1042,acm international symposium on mobile ad hoc networking and computing
1043,"international conference on mobile cloud, computing and service engineering"
1044,international conference on human-computer interaction with mobile devices and services adjunct
1045,international conference on mobile software engineering and systems
1046,"international conference on mobile wireless middleware, operating systems, and applications"
1047,"international conference on mobile and ubiquitous systems: computing, networking and services"
1048,"annual international conference on mobile systems, applications, and services"
1049,acm international symposium on mobility management and wireless access
1050,international conference on model driven engineering languages and systems
1051,international conference on model-driven engineering and software development
1052,international conference on modularity
1053,international conference on advances in mobile computing & multimedia
1054,international conference on selected topics in mobile and wireless networking
1055,models and paradigms for planning under uncertainty: a broad perspective workshop
1056,international symposium on multi-robot and multi-agent systems
1057,ieee international conference on mobile services
1058,international manufacturing science and engineering conference
1059,"international conference on modelling, simulation and identification"
1060,international conference on mobile ad-hoc and sensor networks
1061,working conference on mining software repositories
1062,ieee symposium on mass storage systems and technologies
1063,"international conference on modeling, simulation and visualization methods"
1064,"acm international conference on modeling, analysis and simulation of wireless and mobile systems"
1065,international workshop on managing technical debt
1066,international conference on metadata and semantics research
1067,ieee workshop on managing ubiquitous communications and services
1068,international workshop on the analysis of multitemporal remote sensing images
1069,international conference on mobile and ubiquitous multimedia
1070,iapr international conference on machine vision applications
1071,workshop on multiword expressions
1072,international midwest symposium on circuits and systems
1073,north american chapter of the association for computational linguistics annual meeting
1074,world congress on nature and biologically inspired computing
1075,annual conference of the north american fuzzy information processing society
1076,ieee international symposium on network computing and applications
1077,network and distributed system security symposium
1078,workshop on neural-symbolic learning and reasoning
1079,ieee conference on network softwarization
1080,ieee netsoft conference and workshops
1081,international conference on networked systems
1082,ifip networking conference
1083,international telecommunications network strategy and planning symposium
1084,neural information processing systems
1085,"international conference on internet of things, smart spaces, and next generation networks and systems"
1086,ieee international new circuits and systems conference
1087,nasa formal methods symposium
1088,international workshop on new frontiers in mining complex patterns
1089,ieee conference on network function virtualization and software defined networks
1090,international conference on new interfaces for musical expression
1091,international conference on application of natural language to information systems
1092,international workshop on natural language processing and cognitive science
1093,international workshop on non-monotonic reasoning
1094,european conference on networks and optical communications
1095,acm/ieee international symposium on networks-on-chip
1096,international conference on network of the future
1097,ieee/ifip network operations and management symposium
1098,nordic circuits and systems conference
1099,nordic conference on human-computer interaction
1100,networked systems design and implementation
1101,network and system security
1102,"ifip international conference on new technologies, mobility and security"
1103,nordic workshop on programming theory
1104,ieee oceans conference
1105,ieee optical fiber communication conference
1106,international workshop on ontology matching
1107,international conference on optical network design and modeling
1108,brazilian seminar on ontologies
1109,"conference on object-oriented programming systems, languages, and applications"
1110,international symposium on open collaboration
1111,international conference on principles of distributed systems
1112,international conference on operations research
1113,usenix symposium on operating systems design and implementation
1114,international conference on open source systems
1115,australian conference on human-computer interaction
1116,international conference on peer-to-peer computing
1117,"international conference on practical applications of agents, multi-agent systems and sustainability"
1118,international conference on practical applications of computational biology & bioinformatics
1119,ieee pacific visualization symposium
1120,pacific asia conference on information systems
1121,international conference on parallel computing technologies
1122,international conference on parallel architectures and compilation techniques
1123,acm sigsim conference on principles of advanced discrete simulation
1124,pacific-asia conference on knowledge discovery and data mining
1125,passive and active network measurement conference
1126,international conference on parallel computing
1127,international conference on the practice and theory of automated timetabling
1128,"international workshop on power and timing modeling, optimization and simulation"
1129,international conferences on pervasive patterns and applications
1130,picture coding symposium
1131,participatory design conference
1132,"international conference on parallel and distributed computing, applications and technologies"
1133,ifac international conference on programmable devices and embedded systems
1134,"euromicro international conference on parallel, distributed and network-based processing"
1135,international conference on parallel and distributed processing techniques and applications
1136,"acm international symposium on performance evaluation of wireless ad hoc, sensor, and ubiquitous networks"
1137,pervasive and embedded computing and communication systems
1138,international conference on pervasive computing and communications
1139,ieee international conference on pervasive computing and communication workshops
1140,international conference on pervasive computing technologies for healthcare
1141,ieee power & energy society general meeting
1142,international workshop on principles of engineering service-oriented and cloud systems
1143,privacy enhancing technologies
1144,acm international conference on pervasive technologies related to assistive environments
1145,proceedings on privacy enhancing technologies
1146,pacific conference on computer graphics and applications
1147,international conference on probabilistic graphical models
1148,"international symposium on personal, indoor and mobile radio communications"
1149,international conference on practice and theory in public key cryptography
1150,workshop on evaluation and usability of programming languages and tools
1151,international symposium on platial information science
1152,sigplan conference on programming language design and implementation
1153,conference on pattern languages of programs
1154,acm symposium on principles of distributed computing
1155,symposium on principles of database systems
1156,ifip wg 8.1 working conference on the practice of enterprise modelling
1157,symposium on principles of programming languages
1158,international conference on principles of security and trust
1159,siam conference on parallel processing for scientific computing
1160,international conference on parallel processing and applied mathematics
1161,international symposium on principles and practice of declarative programming
1162,"workshop on planning, perception and navigation for intelligent vehicles"
1163,acm sigplan symposium on principles and practice of parallel programming
1164,international conference on parallel problem solving from nature
1165,pacific rim international symposium on dependable computing
1166,international workshop on prediction of human mobility
1167,iapr international conference on pattern recognition in bioinformatics
1168,nternational conference on principles and practice of multi-agent systems
1169,international conference on product-focused software process improvement
1170,international conference on predictive models and data analytics in software engineering
1171,international conference on computational processing of the portuguese language
1172,pacific symposium on biocomputing
1173,power systems computation conference
1174,pacific-rim symposium on image and video technology
1175,"international conference on privacy, security and trust"
1176,acm symposium on qos and security for wireless and mobile networks
1177,international conference on quantitative evaluation of systems
1178,quality of models and models of quality workshop
1179,international workshop on quality of multimedia experience
1180,international acm sigsoft conference on the quality of software architectures
1181,"ieee international conference on software quality, reliability and security"
1182,"ieee international conference on software quality, reliability and security companion"
1183,international conference on quality of information and communications technology
1184,conference on research in adaptive and convergent systems
1185,european conference on radiation effects on components and systems
1186,ieee internacional conference on robotics and automation for humanitarian applications
1187,"international symposium on research in attacks, intrusions, and defenses"
1188,annual reliability and maintainability symposium
1189,international conference on recent advances in natural language processing
1190,ieee international conference on real-time computing and robotics
1191,international conference on research challenges in information science
1192,ieee international requirements engineering conference
1193,international conference on research in computational molecular biology
1194,international conference on reconfigurable computing and fpgas
1195,international symposium on reconfigurable communication-centric systems-on-chip
1196,acm conference on recommender systems
1197,international working conference on requirements engineering: foundations for software quality
1198,international workshop on requirements engineering and law
1199,"workshop on reactivity, events and modularity"
1200,ieee international workshop on requirements patterns
1201,international workshop on replication in empirical software engineering research
1202,ieee international conference on rfid
1203,international conference on research in intelligent and computing in engineering
1204,european conference on radiation and its effects on components and systems
1205,ieee international symposium on robot and human interactive communication
1206,ieee international conference on robotics and biomimetics
1207,robocup international symposium
1208,ieee international conference on soft robotics
1209,ieee international symposium on robotic and sensors environments
1210,ieee international symposium on rapid system prototyping
1211,robotics: science and systems
1212,international conference on rewriting techniques and applications
1213,ieee real-time and embedded technology and applications symposium
1214,international conference on embedded and real-time computing systems and applications
1215,international conference on real time intelligent systems
1216,real-time systems symposium
1217,international web rule symposium
1218,international joint conference on rules and reasoning
1219,acm symposium on applied computing
1220,international conference on smart communications in network technologies
1221,ieee international symposium on applied computational intelligence and informatics
1222,acm symposium on access control models and technologies
1223,workshop on selected areas in cryptography
1224,"international conference on computer safety, reliability, and security"
1225,science and information conference
1226,sensor array and multichannel signal processing workshop
1227,"international conference on embedded computer systems: architectures, modeling and simulation"
1228,international conference on security and management
1229,"ieee international conference on software analysis, evolution and reengineering"
1230,acm symposium on applied perception
1231,ieee sarnoff symposium
1232,ieee sensors applications symposium
1233,international conference on self-adaptive and self-organizing systems
1234,brazilian workshop on systematic and automated software testing
1235,international conference on theory and applications of satisfiability testing
1236,international symposium on computer architecture and high performance computing
1237,international symposium on computer architecture and high performance computing workshop
1238,simposio brasileiro de automacao inteligente
1239,simposio brasileiro de banco de dados
1240,"brazilian symposium on components, architectures and reuse software"
1241,simposio brasileiro de computacao aplicada a saude
1242,symposium on integrated circuits and systems design
1243,simposio brasileiro de computacao musical
1244,simposio brasileiro de computacao ubiqua e pervasiva
1245,brazilian symposium on software engineering
1246,brazilian symposium on computing system engineering
1247,simposio brasileiro de jogos e entretenimento digital
1248,congresso brasileiro de agroinformatica
1249,simposio brasileiro de informatica na educacao
1250,brazilian symposium on programming languages
1251,brazilian symposium on formal methods
1252,symposium on microelectronics technology and devices
1253,simposio brasileiro de pesquisa operacional
1254,simposio brasileiro de qualidade de software
1255,simposio brasileiro de redes de computadores e sistemas distribuidos
1256,simposio brasileiro de telecomunicacoes e processamento de sinais
1257,simposio brasileiro de sistemas colaborativos
1258,simposio brasileiro de sistemas eletricos
1259,simposio brasileiro em seguranca da informacao e de sistemas computacionais
1260,simposio brasileiro de sistemas de informacao
1261,simposio brasileiro de sensoriamento remoto
1262,international workshop on search-based software testing
1263,simposio brasileiro de tecnologia da informacao
1264,"international conference for high performance computing, networking, storage and analysis"
1265,acm siggraph/eurographics symposium on computer animation
1266,ieee international working conference on source code analysis and manipulation
1267,international conference of the chilean computer science society
1268,"international workshop on smart city clouds: technologies, systems and applications"
1269,ieee scientific visualization
1270,summer computer simulation conference
1271,international conference on social computing and social media
1272,international symposium on spatial data handling
1273,ieee symposium on differential evolution
1274,siam international conference on data mining
1275,"international conference on sensing, diagnostics, prognostics, and control"
1276,international workshop on software engineering for science
1277,international symposium on experimental algorithms
1278,international symposium on software engineering for adaptive and self-managing systems
1279,workshop on software engineering and architectures for realtime interactive systems
1280,international conference on ict systems security and privacy protection
1281,international workshop on semantic and conceptual issues in geographic information systems
1282,"ieee international conference on sensing, communication and networking"
1283,international conference on security and cryptography
1284,"iaria international conference on emerging security information, systems and technologies"
1285,international conference on software engineering and formal methods
1286,international conference on serious games and applications for health
1287,international conference on software engineering and knowledge engineering
1288,joint conference on lexical and computational semantics
1289,international workshop on semantic evaluation
1290,seminario integrado de software e hardware
1291,international conference on sensor networks
1292,ieee sensors
1293,acm conference on embedded network sensor systems
1294,conference of the spanish society for natural language processing
1295,international conference on software engineering research and practice
1296,ieee world congress on services
1297,international workshop on software engineering for smart cyber-physical systems
1298,international workshop on software engineering for sensor network applications
1299,international workshop on software engineering for systems-of-systems
1300,software engineering track
1301,sgai international conference on artificial intelligence
1302,eurographics symposium on geometry processing
1303,acm symposium on interactive 3d graphics and games
1304,"conference on graphics, patterns and images"
1305,simposio internacional de educacao a distancia e encontro de pesquisadores em educacao a distancia
1306,international symposium on industrial embedded systems
1307,acm sigcomm conference
1308,acm technical symposium on computer science education
1309,annual meeting of the special interest group on discourse and dialogue
1310,acm international conference on design of communication
1311,simposio de aplicacoes operacionais em areas de defesa
1312,international conference and exibition on computer graphics and interactive techniques
1313,acm international conference on computer graphics & interactive techniques / asia
1314,international acm sigir conference on research and development in information retrieval
1315,acm conference on management data
1316,conference on computational natural language learning
1317,ieee/sice international symposium on system integration
1318,simposio internacional de informatica educatica
1319,simposio de instrumentacao e imagens medicas
1320,annual international symposium on information management and big data
1321,simposio de mecanica computacional
1322,"ieee international conference on simulation, modeling, and programming for autonomous robots"
1323,international symposium on data-driven process discovery and analysis
1324,"international conference on simulation and modeling methodologies, technologies and applications"
1325,international conference on simulation tools and techniques
1326,international conference on security of information and networks
1327,nternational conference on similarity search and applications
1328,acm international on systems and storage conference
1329,conference on smart learning ecosystems and regional development
1330,simposio latinoamericano de ingenieria de software
1331,workshop on spoken language technology
1332,international conference on smart grids and green ict systems
1333,ieee international conference on smart grid communications
1334,workshop on interacting with smart objects
1335,"ieee international conference on systems, man and cybernetics"
1336,sound and music computing conference
1337,workshop on social network analysis in applications
1338,international symposium on system-on-chip
1339,ieee conference on service-oriented computing and applications
1340,ieee international system-on-chip conference
1341,symposium on computational geometry
1342,international conference on social computing
1343,international workshop on social computing in digital education
1344,international conference on social informatics
1345,international conference on software composition
1346,international symposium on combinatorial search
1347,acm-siam symposium on discrete algorithms
1348,international conference on current trends in theory and practice of computer science
1349,"international conference on software, telecommunications and computer networks"
1350,iaria international conference on advances and trends in software engineering
1351,international workshop on software engineering for startups
1352,ieee workshop on self-organizing real-time systems
1353,ieee international symposium on service-oriented system engineering
1354,annual systems-of-systems conference
1355,acm symposium on operating systems principles
1356,symposium on software defined networking research
1357,symposium on usable privacy and security
1358,international workshop on mining the social web
1359,"signal processing: algorithms, architectures, arrangements, and applications conference"
1360,acm symposium on parallelism in algorithms and architectures
1361,"international conference on security, privacy, and applied cryptography engineering"
1362,spatial big data and machine learning in giscience
1363,spie - the international society for optical engineering
1364,spie medical imaging
1365,international spin symposium on model checking of software
1366,international symposium on string processing and information retrieval
1367,"acm sigplan conference on systems, programming, languages, and applications: software for humanity"
1368,ieee symposium on reliable distributed systems
1369,international symposium on search based software engineering
1370,social simulation conference
1371,international symposium on security in computing and communications
1372,ieee symposium series on computational intelligence
1373,international conference on scientific and statistical database management
1374,southwest symposium on image analysis and interpretation
1375,south symposium on microelectronics
1376,international software product line conference: new directions in systems and software product line engineering
1377,international workshop on structural and syntactic pattern recognition
1378,"international symposium on safety, security and rescue robotics"
1379,international symposium on spatial and temporal databases
1380,symposium on theoretical aspects of computer science
1381,eurographics italian chapter conference
1382,brazilian symposium in information and human language technology
1383,annual acm symposium on theory of computing
1384,latin american conference on pattern languages of programming
1385,symposium on spatial user interaction
1386,international conference on scalable uncertainty management
1387,summer simulation multi-conference
1388,conference on sustainable internet and ict for sustainability
1389,symposium on virtual and augmented reality
1390,scandinavian workshop on algorithm theory
1391,workshop on scalable workflow execution engines and technologies
1392,international conference on semantic web and web services
1393,ieee international systems conference
1394,international conference of students of systematic musicology
1395,conference on control and fault-tolerant systems
1396,ieee/pes transmission and distribution conference and exposition
1397,ieee pes transmission & distribution conference and exposition latin america
1398,international conference on automated reasoning with analytic tableaux and related methods
1399,international conference on interactive tabletops and surfaces
1400,text analysis conference
1401,international conference on tools and algorithms for the construction and analysis of systems
1402,simposio teoria y aplicaciones de mineria de datos
1403,international conference on tests and proofs
1404,conference on theoretical aspects of rationality and knowledge
1405,conference towards autonomous robotics systems
1406,theoretical aspects of software engineering
1407,theory of cryptography
1408,international conference on technical debt
1409,technological ecosystems for enhancing multiculturality
1410,"international conference on tangible, embedded and embodied interaction"
1411,workshop on graph-based methods for natural language processing
1412,interdisciplinary workshop on timbre
1413,international symposium on temporal representation and reasoning
1414,congreso internacional de informatica educativa
1415,international conference on typed lambda calculi and applications
1416,workshop on tools and resources for automatically processing portuguese and spanish
1417,international conference on theory and practice of digital libraries
1418,text retrieval conference
1419,international workshop on trust in agent societies
1420,"international conference on trust, security and privacy in computing and communications"
1421,"international conference on text, speech and dialogue"
1422,international conference on interactive experiences for television and online video
1423,international conference universal access in human-computer interaction
1424,conference on uncertainty in artificial intelligence
1425,"iaria international conference on mobile ubiquitous computing, systems, services and technologies"
1426,acm international joint conference on pervasive and ubiquitous computing
1427,workshop de musica ubiqua
1428,international conference on ubiquitous computing and ambient intelligence
1429,ieee/acm international conference on utility and cloud computing
1430,workshop on unconventional high performance computing
1431,ieee international conference on ubiquitous intelligence and computing
1432,acm user interface software technology symposium
1433,international conference on computer modelling and simulation
1434,"international conference on user modeling, adaptation and personalization"
1435,international symposium on ubiquitous networking
1436,international workshop on unification
1437,international workshop on uncertainty reasoning for the semantic web
1438,usenix security symposium
1439,usenix annual technical conference
1440,congresso internacional de ergonomia e usabilidade de interfaces humano computador
1441,eai international conference on performance evaluation methodologies and tools
1442,international workshop on variability modelling of software-intensive systems
1443,"international conference on virtual, augmented and mixed reality"
1444,"workshop on nlp for similar languages, varieties and dialects"
1445,ieee conference on visual analytics science and technology
1446,ieee international conference on visual communications and image processing
1447,ieee international conference on virtual environments human-computer interfaces and measurement systems
1448,international meeting on high performance computing for computational science
1449,"workshop on software visualization, evolution and maintenance"
1450,conference on videogame sciences and arts
1451,international conference on computer vision theory and applications
1452,ieee working conference on software visualization
1453,international conference on very large data bases
1454,ieee symposium on visual languages and human-centric computing
1455,oc - international conference on very large scale integration
1456,"international symposium on vlsi design, automation and test"
1457,ieee/ifip international conference on vlsi and system-on-chip
1458,international conference on vlsi design
1459,"verification, model checking and abstract interpretation"
1460,"vision, modeling & visualization"
1461,ieee vehicular networking conference
1462,international workshop on video processing and quality metrics for consumer electronics
1463,ieee virtual reality conference
1464,international conference on virtual reality continuum and its applications
1465,virtual reality international conference
1466,acm symposium on virtual reality software and technology
1467,international conference on virtual worlds and games for serious applications
1468,vehicular technology conference
1469,ieee vlsi test symposium
1470,international symposium web and wireless geographical information systems
1471,conference on web accessibility
1472,workshop on algorithms in bioinformatics
1473,web audio conference
1474,winter conference on applications of computer vision
1475,algorithms and data structures symposium
1476,workshop sobre aspectos da interacao humano-computador para a web social
1477,international workshop on algorithms and computation
1478,"workshop de ensino em pensamento computacional, algoritmos e programacao"
1479,workshop on applications for multi-core architectures
1480,workshop on approximation and online algorithms
1481,workshop on approximate computing
1482,"workshop on social, human, and economic aspects of software"
1483,ieee workshop on applications of signal processing to audio and acoustics
1484,"workshop on computational approaches to subjectivity, sentiment and social media analysis"
1485,workshop brasileiro de metodos ageis
1486,workshop de computacao aplicada a gestao do meio ambiente e recursos naturais
1487,workshop on circuits and systems design
1488,workshops do congresso brasileiro de informatica na educacao
1489,ifip world conference on computers in education
1490,ieee world congress on computational intelligence
1491,world congress in computational mechanics
1492,workshop de computacao em clouds e aplicacoes
1493,workshop de computacao aplicada ao governo eletronico
1494,workshop on computational intelligence and smart cities
1495,workshop on cloud networks
1496,ieee wireless communications and networking conference
1497,ieee wireless communications and networking conference workshops
1498,working conference on reverse engineering
1499,sae world congress experience
1500,wireless days conference
1501,workshop de desenvolvimento distribuido de software
1502,international conference on 3d web technology
1503,international web for all conference
1504,international workshop on the web and databases
1505,international conference on web information systems and technologies
1506,brazilian symposium on multimedia and the web
1507,acm web science conference
1508,workshop sobre educacao em computacao
1509,workshop sobre ensino de ihc
1510,workshop-escola de informatica teorica
1511,workshop on requirements engineering
1512,"workshop-escola de sistemas agentes, seus ambientes e aplicacoes"
1513,workshop de engenharia de software baseada em busca
1514,ieee international conference on enabling technologies: infrastructure for collaborative enterprises
1515,international workshop on emerging trends in software metrics
1516,ieee world forum on internet of things
1517,ieee world conference on factory communication systems
1518,international workshop on graph-theoretic concepts in computer science
1519,workshop de gestao de identidades digitais
1520,workshop de gerencia e operacao de redes e servicos
1521,ieee world haptics conference
1522,workshop on hyperspectral image and signal processing: evolution in remote sensing
1523,at - ieee/wic/acm international conference on web intelligence and intelligent agent technology
1524,workshop de informatica na escola
1525,ieee workshop on information forensics and security
1526,workshop de informatica medica
1527,"ieee international conference on wireless and mobile computing, networking and communications"
1528,"international symposium on modeling and optimization in mobile, ad hoc, and wireless networks"
1529,international conferen ce on information security applications
1530,international conference on web information systems engineering
1531,acm conference on security & privacy in wireless and mobile networks
1532,workshop on web information systems modeling
1533,women in information technology
1534,joint ifip wireless and mobile networking conference
1535,workshop on software modularity
1536,workshop de nanotecnologia aplicada ao agronegocio
1537,workshop on noisy user-generated text
1538,wireless and optical communications conference
1539,international conference on wireless and optical communications networks
1540,"international workshop on logic, language, information and computation"
1541,wireless on-demand network systems and services conference
1542,workshop on workflows in support of large-scale science
1543,workshop on autonomic distributed systems
1544,international workshop on mining scientific publications
1545,"international symposium on a world of wireless, mobile and multimedia networks"
1546,"workshop de redes p2p, dinamicas, sociais e orientadas a conteudo"
1547,workshop de pesquisa em computacao dos campos gerais
1548,workshop de pesquisa experimental da internet do futuro
1549,workshop em desempenho de sistemas computacionais e de comunicacao
1550,annual acm workshop on privacy in the electronic society
1551,world robot conference
1552,workshop of robotics in education
1553,international workshop on rewriting logic and its applications
1554,workshop de realidade virtual e aumentada
1555,winter simulation conference
1556,simposio em sistemas computacionais de alto desempenho
1557,international conference in central europe on computer graphics and visualization and computer vision
1558,acm conference international conference on web search and data mining
1559,world summit on the kowledge society
1560,workshop de software livre
1561,workshop de tecnologia adaptativa
1562,workshop de testes e tolerancia a falhas
1563,workshop de tecnologia da informacao e comunicacao das instituicoes federais de ensino superior do brasil
1564,workshop de transparencia de sistema
1565,workshop on the theory of transactional memory
1566,international conference on underwater networks and systems
1567,workshop de visao computacional
1568,"workshop on visual analytics, information visualization and scientific visualization"
1569,international world wide web conferences
1570,international conference on agile software development
1571,central european workshop on services and their composition
