,conferencias,qualis_conferencias,periodicos,qualis_periodicos
0,NA,,NA,
1,NA,,NA,
2,NA,,revista brasileira de computacao aplicada,
3,simposio brasileiro de informatica na educacao,,informatica na educacao,
4,NA,,informatica na educacao,
5,NA,,NA,
6,NA,,NA,
7,congresso brasileiro de agroinformatica,,NA,
8,international conference on software engineering,,NA,
9,NA,,NA,
10,NA,,NA,
11,NA,,NA,
12,NA,,NA,
13,NA,,NA,
14,NA,,NA,
15,NA,,NA,
16,NA,,NA,
17,NA,,data,
18,NA,,data,
19,NA,,data,
20,NA,,data,
21,NA,,participacao,
22,NA,,participacao,
23,NA,,participacao,
24,NA,,participacao,
25,NA,,NA,
26,NA,,NA,
27,NA,,NA,
28,NA,,NA,
29,NA,,NA,
30,simposio brasileiro de sistemas de informacao,,NA,
31,NA,,NA,
32,NA,,NA,
33,NA,,NA,
34,NA,,NA,
35,NA,,tematica,
36,NA,,NA,
37,NA,,NA,
38,NA,,NA,
39,NA,,NA,
40,NA,,NA,
41,NA,,NA,
42,NA,,NA,
43,NA,,NA,
44,NA,,NA,
45,NA,,NA,
46,NA,,NA,
47,NA,,NA,
48,NA,,NA,
49,NA,,NA,
50,NA,,NA,
51,NA,,NA,
52,NA,,NA,
53,NA,,NA,
54,NA,,NA,
55,NA,,NA,
56,NA,,data,
57,NA,,NA,
58,NA,,NA,
59,NA,,NA,
60,NA,,data,
61,NA,,data,
62,NA,,data,
63,NA,,NA,
64,NA,,revista brasileira de computacao aplicada,
65,NA,,NA,
66,NA,,revista brasileira de computacao aplicada,
67,simposio brasileiro de informatica na educacao,,informatica na educacao,
68,NA,,informatica na educacao,
69,NA,,NA,
70,NA,,NA,
71,congresso brasileiro de agroinformatica,,NA,
72,international conference on software engineering,,NA,
73,NA,,NA,
74,NA,,NA,
75,NA,,NA,
76,NA,,NA,
77,NA,,NA,
78,NA,,NA,
79,NA,,NA,
80,NA,,NA,
81,NA,,data,
82,NA,,data,
83,NA,,data,
84,NA,,data,
85,NA,,participacao,
86,NA,,participacao,
87,NA,,participacao,
88,NA,,participacao,
89,NA,,NA,
90,NA,,NA,
91,NA,,NA,
92,NA,,NA,
93,NA,,NA,
94,simposio brasileiro de sistemas de informacao,,NA,
95,NA,,NA,
96,NA,,NA,
97,NA,,NA,
98,NA,,NA,
99,NA,,tematica,
100,NA,,NA,
101,NA,,NA,
102,NA,,NA,
103,NA,,NA,
104,NA,,NA,
105,NA,,NA,
106,NA,,NA,
107,NA,,NA,
108,NA,,NA,
109,NA,,NA,
110,NA,,NA,
111,NA,,NA,
112,NA,,NA,
113,NA,,NA,
114,NA,,NA,
115,NA,,NA,
116,NA,,NA,
117,NA,,NA,
118,NA,,NA,
119,NA,,NA,
120,NA,,data,
121,NA,,NA,
122,NA,,NA,
123,NA,,NA,
124,NA,,data,
125,NA,,data,
126,NA,,data,
127,NA,,NA,
128,NA,,NA,
129,NA,,NA,
130,ieee latin-american conference on communications,,NA,
131,NA,,NA,
132,NA,,NA,
133,NA,,NA,
134,NA,,NA,
135,NA,,NA,
136,NA,,NA,
137,NA,,NA,
138,NA,,NA,
139,NA,,NA,
140,NA,,NA,
141,NA,,NA,
142,NA,,NA,
143,NA,,NA,
144,NA,,NA,
145,NA,,NA,
146,NA,,NA,
147,NA,,NA,
148,NA,,NA,
149,NA,,NA,
150,NA,,NA,
151,NA,,NA,
152,NA,,NA,
153,NA,,NA,
154,NA,,participacao,
155,NA,,participacao,
156,NA,,participacao,
157,NA,,participacao,
158,NA,,participacao,
159,NA,,participacao,
160,NA,,participacao,
161,NA,,participacao,
162,NA,,participacao,
163,NA,,participacao,
164,NA,,participacao,
165,NA,,participacao,
166,NA,,participacao,
167,NA,,participacao,
168,NA,,participacao,
169,NA,,participacao,
170,NA,,participacao,
171,NA,,participacao,
172,NA,,participacao,
173,NA,,participacao,
174,NA,,participacao,
175,NA,,participacao,
176,NA,,participacao,
177,NA,,participacao,
178,NA,,participacao,
179,NA,,participacao,
180,NA,,participacao,
181,NA,,participacao,
182,NA,,participacao,
183,NA,,participacao,
184,NA,,participacao,
185,NA,,participacao,
186,NA,,participacao,
187,NA,,NA,
188,NA,,NA,
189,NA,,NA,
190,NA,,NA,
191,NA,,NA,
192,NA,,NA,
193,NA,,tematica,
194,NA,,NA,
195,NA,,NA,
196,NA,,NA,
197,NA,,NA,
198,NA,,NA,
199,NA,,NA,
200,simposio brasileiro de redes de computadores e sistemas distribuidos,,NA,
201,NA,,NA,
202,NA,,NA,
203,NA,,NA,
204,NA,,NA,
205,NA,,NA,
206,NA,,NA,
207,NA,,NA,
208,NA,,NA,
209,NA,,NA,
210,NA,,NA,
211,NA,,NA,
212,NA,,NA,
213,NA,,NA,
214,NA,,NA,
215,NA,,NA,
216,NA,,NA,
217,NA,,NA,
218,NA,,NA,
219,NA,,NA,
220,NA,,NA,
221,NA,,inteligencia artificial,
222,simposio brasileiro de banco de dados,,NA,
223,NA,,NA,
224,NA,,NA,
225,NA,,NA,
226,simposio brasileiro de banco de dados,,NA,
227,simposio brasileiro de banco de dados,,NA,
228,NA,,NA,
229,NA,,NA,
230,NA,,NA,
231,NA,,NA,
232,NA,,inteligencia artificial,
233,NA,,NA,
234,NA,,NA,
235,NA,,NA,
236,NA,,NA,
237,NA,,NA,
238,NA,,NA,
239,NA,,NA,
240,NA,,NA,
241,NA,,NA,
242,NA,,NA,
243,NA,,NA,
244,NA,,NA,
245,NA,,NA,
246,NA,,NA,
247,NA,,NA,
248,NA,,NA,
249,NA,,NA,
250,NA,,NA,
251,NA,,NA,
252,NA,,NA,
253,NA,,NA,
254,NA,,NA,
255,NA,,NA,
256,NA,,NA,
257,NA,,NA,
258,NA,,NA,
259,NA,,NA,
260,NA,,NA,
261,ieee latin-american conference on communications,,NA,
262,NA,,NA,
263,NA,,NA,
264,NA,,NA,
265,NA,,NA,
266,NA,,NA,
267,NA,,NA,
268,NA,,NA,
269,NA,,NA,
270,NA,,NA,
271,NA,,NA,
272,NA,,NA,
273,NA,,NA,
274,NA,,NA,
275,NA,,NA,
276,NA,,NA,
277,NA,,NA,
278,NA,,NA,
279,NA,,NA,
280,NA,,NA,
281,NA,,NA,
282,NA,,NA,
283,NA,,NA,
284,NA,,NA,
285,NA,,participacao,
286,NA,,participacao,
287,NA,,participacao,
288,NA,,participacao,
289,NA,,participacao,
290,NA,,participacao,
291,NA,,participacao,
292,NA,,participacao,
293,NA,,participacao,
294,NA,,participacao,
295,NA,,participacao,
296,NA,,participacao,
297,NA,,participacao,
298,NA,,participacao,
299,NA,,participacao,
300,NA,,participacao,
301,NA,,participacao,
302,NA,,participacao,
303,NA,,participacao,
304,NA,,participacao,
305,NA,,participacao,
306,NA,,participacao,
307,NA,,participacao,
308,NA,,participacao,
309,NA,,participacao,
310,NA,,participacao,
311,NA,,participacao,
312,NA,,participacao,
313,NA,,participacao,
314,NA,,participacao,
315,NA,,participacao,
316,NA,,participacao,
317,NA,,participacao,
318,NA,,NA,
319,NA,,NA,
320,NA,,NA,
321,NA,,NA,
322,NA,,NA,
323,NA,,NA,
324,NA,,tematica,
325,NA,,NA,
326,NA,,NA,
327,NA,,NA,
328,NA,,NA,
329,NA,,NA,
330,NA,,NA,
331,simposio brasileiro de redes de computadores e sistemas distribuidos,,NA,
332,NA,,NA,
333,NA,,NA,
334,NA,,NA,
335,NA,,NA,
336,NA,,NA,
337,NA,,NA,
338,NA,,NA,
339,NA,,NA,
340,NA,,NA,
341,NA,,NA,
342,NA,,NA,
343,NA,,NA,
344,NA,,NA,
345,NA,,NA,
346,NA,,NA,
347,NA,,NA,
348,NA,,NA,
349,NA,,NA,
350,NA,,NA,
351,NA,,NA,
352,NA,,inteligencia artificial,
353,simposio brasileiro de banco de dados,,NA,
354,NA,,NA,
355,NA,,NA,
356,NA,,NA,
357,simposio brasileiro de banco de dados,,NA,
358,simposio brasileiro de banco de dados,,NA,
359,NA,,NA,
360,NA,,NA,
361,NA,,NA,
362,NA,,NA,
363,NA,,inteligencia artificial,
364,NA,,NA,
365,NA,,NA,
366,NA,,NA,
367,NA,,NA,
368,NA,,NA,
369,NA,,NA,
370,NA,,NA,
371,NA,,NA,
372,NA,,NA,
373,NA,,NA,
374,NA,,NA,
375,NA,,NA,
376,NA,,NA,
377,NA,,NA,
378,NA,,NA,
379,NA,,NA,
380,NA,,NA,
381,NA,,NA,
382,NA,,NA,
383,NA,,NA,
384,NA,,NA,
385,NA,,NA,
386,NA,,NA,
387,NA,,NA,
388,NA,,NA,
389,NA,,NA,
390,NA,,computer,
391,NA,,computer,
392,NA,,NA,
393,NA,,inteligencia artificial,
394,NA,,NA,
395,NA,,NA,
396,ieee sensors,,NA,
397,congresso brasileiro de automatica,,NA,
398,NA,,NA,
399,NA,,computer,
400,NA,,NA,
401,congresso brasileiro de agroinformatica,,NA,
402,NA,,NA,
403,NA,,NA,
404,NA,,NA,
405,NA,,NA,
406,NA,,NA,
407,NA,,NA,
408,NA,,NA,
409,NA,,NA,
410,NA,,NA,
411,NA,,NA,
412,NA,,NA,
413,NA,,NA,
414,NA,,NA,
415,NA,,NA,
416,NA,,NA,
417,NA,,letronica,
418,NA,,NA,
419,NA,,NA,
420,NA,,NA,
421,NA,,NA,
422,NA,,NA,
423,NA,,NA,
424,NA,,NA,
425,NA,,NA,
426,NA,,NA,
427,NA,,participacao,
428,NA,,participacao,
429,NA,,participacao,
430,NA,,participacao,
431,NA,,participacao,
432,NA,,participacao,
433,NA,,participacao,
434,NA,,participacao,
435,NA,,participacao,
436,NA,,participacao,
437,NA,,participacao,
438,NA,,participacao,
439,NA,,participacao,
440,NA,,participacao,
441,NA,,participacao,
442,NA,,participacao,
443,NA,,participacao,
444,NA,,participacao,
445,NA,,participacao,
446,NA,,participacao,
447,NA,,participacao,
448,NA,,participacao,
449,NA,,participacao,
450,NA,,participacao,
451,NA,,participacao,
452,NA,,participacao,
453,NA,,participacao,
454,NA,,participacao,
455,NA,,participacao,
456,NA,,participacao,
457,NA,,participacao,
458,NA,,participacao,
459,NA,,participacao,
460,NA,,participacao,
461,NA,,participacao,
462,NA,,participacao,
463,NA,,participacao,
464,NA,,participacao,
465,NA,,participacao,
466,NA,,participacao,
467,NA,,participacao,
468,NA,,NA,
469,NA,,NA,
470,NA,,NA,
471,NA,,NA,
472,NA,,NA,
473,NA,,NA,
474,NA,,NA,
475,NA,,NA,
476,NA,,NA,
477,NA,,NA,
478,NA,,NA,
479,simposio brasileiro de redes de computadores e sistemas distribuidos,,NA,
480,NA,,NA,
481,NA,,NA,
482,workshop sobre educacao em computacao,,NA,
483,NA,,NA,
484,NA,,NA,
485,NA,,NA,
486,international symposium on computer architecture,,computer,
487,NA,,NA,
488,NA,,NA,
489,congresso brasileiro de agroinformatica,,NA,
490,NA,,NA,
491,NA,,NA,
492,NA,,NA,
493,NA,,NA,
494,NA,,NA,
495,NA,,NA,
496,NA,,NA,
497,NA,,NA,
498,NA,,NA,
499,NA,,NA,
500,NA,,NA,
501,NA,,NA,
502,NA,,NA,
503,NA,,NA,
504,NA,,NA,
505,NA,,NA,
506,NA,,NA,
507,NA,,NA,
508,NA,,NA,
509,NA,,NA,
510,NA,,NA,
511,NA,,NA,
512,NA,,NA,
513,NA,,NA,
514,NA,,NA,
515,NA,,NA,
516,NA,,NA,
517,NA,,NA,
518,NA,,NA,
519,NA,,NA,
520,NA,,NA,
521,NA,,NA,
522,NA,,NA,
523,NA,,NA,
524,NA,,NA,
525,NA,,NA,
526,NA,,NA,
527,NA,,NA,
528,NA,,NA,
529,NA,,NA,
530,NA,,letronica,
531,NA,,NA,
532,NA,,NA,
533,NA,,NA,
534,NA,,NA,
535,NA,,NA,
536,NA,,NA,
537,NA,,NA,
538,NA,,NA,
539,NA,,NA,
540,NA,,NA,
541,NA,,NA,
542,NA,,NA,
543,NA,,NA,
544,NA,,NA,
545,NA,,NA,
546,NA,,NA,
547,NA,,NA,
548,NA,,NA,
549,NA,,NA,
550,NA,,NA,
551,NA,,NA,
552,NA,,NA,
553,NA,,NA,
554,NA,,NA,
555,NA,,NA,
556,NA,,NA,
557,NA,,NA,
558,NA,,NA,
559,NA,,NA,
560,NA,,NA,
561,NA,,NA,
562,NA,,NA,
563,NA,,NA,
564,NA,,NA,
565,NA,,NA,
566,NA,,NA,
567,NA,,NA,
568,NA,,NA,
569,NA,,international journal of agricultural and environmental information systems,
570,NA,,international journal of agricultural and environmental information systems,
571,NA,,international journal of agricultural and environmental information systems,
572,NA,,revista brasileira de biometria,
573,NA,,revista eletronica de iniciacao cientifica,
574,NA,,journal of parallel and distributed computing,
575,NA,,computer,
576,NA,,design automation for embedded systems,
577,NA,,"ieee transactions on circuits and systems. i, regular papers (print)",
578,NA,,computer,
579,NA,,computer,
580,NA,,international journal of high performance systems architecture,
581,NA,,NA,
582,NA,,NA,
583,NA,,NA,
584,NA,,NA,
585,simposio em sistemas computacionais de alto desempenho,,NA,
586,simposio em sistemas computacionais de alto desempenho,,NA,
587,international symposium on computer architecture,,computer,
588,simposio em sistemas computacionais de alto desempenho,,NA,
589,NA,,NA,
590,international symposium on computer architecture,,computer,
591,workshop on applications for multi-core architectures,,computer,
592,ieee international system-on-chip conference,,NA,
593,simposio em sistemas computacionais de alto desempenho,,NA,
594,NA,,NA,
595,ieee frontiers in education conference,,computer,
596,ieee frontiers in education conference,,computer,
597,simposio em sistemas computacionais de alto desempenho,,NA,
598,NA,,NA,
599,NA,,NA,
600,NA,,NA,
601,NA,,NA,
602,NA,,computer,
603,simposio brasileiro de pesquisa operacional,,NA,
604,international conference on industry applications,,NA,
605,brazilian symposium on programming languages,,NA,
606,NA,,NA,
607,NA,,NA,
608,NA,,NA,
609,brazilian symposium on programming languages,,NA,
610,simposio brasileiro de pesquisa operacional,,NA,
611,NA,,NA,
612,NA,,NA,
613,simposio brasileiro de pesquisa operacional,,NA,
614,NA,,NA,
615,international workshop,,NA,
616,NA,,NA,
617,international conference on parallel and distributed processing techniques and applications,,NA,
618,NA,,NA,
619,NA,,NA,
620,NA,,performance evaluation,
621,NA,,NA,
622,simposio brasileiro de pesquisa operacional,,NA,
623,NA,,NA,
624,NA,,NA,
625,NA,,NA,
626,NA,,NA,
627,NA,,NA,
628,NA,,NA,
629,NA,,NA,
630,NA,,NA,
631,NA,,NA,
632,NA,,NA,
633,NA,,NA,
634,NA,,letronica,
635,NA,,statistical methodology,
636,NA,,NA,
637,NA,,NA,
638,NA,,NA,
639,NA,,NA,
640,NA,,NA,
641,NA,,NA,
642,NA,,NA,
643,NA,,NA,
644,NA,,NA,
645,NA,,NA,
646,NA,,NA,
647,NA,,NA,
648,NA,,NA,
649,NA,,NA,
650,NA,,NA,
651,NA,,NA,
652,NA,,NA,
653,NA,,NA,
654,NA,,NA,
655,NA,,NA,
656,"ieee international conference on electronics, circuits and systems",,NA,
657,NA,,NA,
658,NA,,NA,
659,NA,,NA,
660,NA,,NA,
661,NA,,NA,
662,NA,,NA,
663,NA,,NA,
664,NA,,NA,
665,NA,,NA,
666,NA,,NA,
667,NA,,NA,
668,NA,,NA,
669,NA,,NA,
670,NA,,NA,
671,NA,,data,
672,NA,,data,
673,NA,,data,
674,NA,,data,
675,NA,,data,
676,NA,,data,
677,NA,,letronica,
678,NA,,top,
679,NA,,participacao,
680,NA,,participacao,
681,NA,,participacao,
682,NA,,participacao,
683,NA,,participacao,
684,NA,,participacao,
685,NA,,participacao,
686,NA,,participacao,
687,NA,,participacao,
688,NA,,participacao,
689,NA,,participacao,
690,NA,,participacao,
691,NA,,participacao,
692,NA,,participacao,
693,NA,,participacao,
694,NA,,participacao,
695,NA,,participacao,
696,NA,,participacao,
697,NA,,participacao,
698,NA,,participacao,
699,NA,,participacao,
700,NA,,participacao,
701,NA,,participacao,
702,NA,,participacao,
703,NA,,participacao,
704,NA,,participacao,
705,NA,,participacao,
706,NA,,participacao,
707,NA,,participacao,
708,NA,,participacao,
709,NA,,participacao,
710,NA,,participacao,
711,NA,,NA,
712,NA,,letronica,
713,NA,,NA,
714,NA,,NA,
715,NA,,NA,
716,NA,,NA,
717,NA,,NA,
718,NA,,NA,
719,NA,,NA,
720,NA,,NA,
721,ieee international system-on-chip conference,,NA,
722,ieee international symposium on rapid system prototyping,,NA,
723,NA,,NA,
724,NA,,NA,
725,NA,,NA,
726,international conference on industry applications,,NA,
727,NA,,NA,
728,NA,,NA,
729,NA,,NA,
730,NA,,NA,
731,NA,,NA,
732,international symposium on computer architecture,,computer,
733,NA,,NA,
734,NA,,NA,
735,simposio brasileiro de pesquisa operacional,,NA,
736,NA,,NA,
737,international symposium on computer architecture,,computer,
738,NA,,NA,
739,NA,,NA,
740,NA,,NA,
741,international workshop,,NA,
742,NA,,NA,
743,NA,,inteligencia artificial,
744,NA,,NA,
745,NA,,NA,
746,NA,,NA,
747,NA,,NA,
748,NA,,NA,
749,NA,,NA,
750,NA,,NA,
751,NA,,NA,
752,NA,,NA,
753,NA,,NA,
754,NA,,NA,
755,NA,,NA,
756,international symposium on computer architecture,,computer,
757,NA,,NA,
758,NA,,NA,
759,NA,,NA,
760,NA,,NA,
761,NA,,NA,
762,NA,,NA,
763,NA,,NA,
764,NA,,NA,
765,NA,,NA,
766,NA,,NA,
767,NA,,NA,
768,NA,,NA,
769,NA,,NA,
770,NA,,NA,
771,NA,,NA,
772,NA,,NA,
773,NA,,NA,
774,NA,,NA,
775,NA,,NA,
776,NA,,NA,
777,NA,,NA,
778,NA,,NA,
779,NA,,NA,
780,NA,,NA,
781,NA,,NA,
782,NA,,NA,
783,NA,,NA,
784,NA,,NA,
785,NA,,NA,
786,NA,,NA,
787,NA,,NA,
788,NA,,NA,
789,NA,,NA,
790,NA,,NA,
791,NA,,NA,
792,NA,,NA,
793,NA,,NA,
794,NA,,NA,
795,NA,,NA,
796,NA,,NA,
797,NA,,NA,
798,NA,,NA,
799,NA,,NA,
800,NA,,NA,
801,NA,,NA,
802,NA,,NA,
803,NA,,NA,
804,NA,,NA,
805,NA,,NA,
806,NA,,NA,
807,NA,,NA,
808,NA,,NA,
809,NA,,NA,
810,NA,,NA,
811,NA,,NA,
812,NA,,NA,
813,NA,,NA,
814,NA,,NA,
815,NA,,NA,
816,NA,,NA,
817,NA,,NA,
818,NA,,NA,
819,NA,,letronica,
820,NA,,NA,
821,NA,,NA,
822,NA,,NA,
823,NA,,NA,
824,NA,,NA,
825,NA,,NA,
826,NA,,NA,
827,NA,,NA,
828,NA,,NA,
829,NA,,NA,
830,NA,,NA,
831,NA,,NA,
832,NA,,NA,
833,NA,,NA,
834,NA,,NA,
835,NA,,letronica,
836,NA,,letronica,
837,NA,,letronica,
838,NA,,NA,
839,NA,,NA,
840,NA,,NA,
841,NA,,NA,
842,NA,,NA,
843,NA,,data,
844,NA,,data,
845,NA,,data,
846,NA,,data,
847,NA,,data,
848,NA,,data,
849,NA,,letronica,
850,NA,,NA,
851,NA,,top,
852,NA,,NA,
853,NA,,NA,
854,NA,,NA,
855,NA,,NA,
856,NA,,NA,
857,NA,,international journal of agricultural and environmental information systems,
858,NA,,international journal of agricultural and environmental information systems,
859,NA,,international journal of agricultural and environmental information systems,
860,NA,,revista brasileira de biometria,
861,NA,,revista eletronica de iniciacao cientifica,
862,NA,,journal of parallel and distributed computing,
863,NA,,computer,
864,NA,,design automation for embedded systems,
865,NA,,"ieee transactions on circuits and systems. i, regular papers (print)",
866,NA,,computer,
867,NA,,computer,
868,NA,,international journal of high performance systems architecture,
869,NA,,NA,
870,NA,,NA,
871,NA,,NA,
872,NA,,NA,
873,simposio em sistemas computacionais de alto desempenho,,NA,
874,simposio em sistemas computacionais de alto desempenho,,NA,
875,international symposium on computer architecture,,computer,
876,simposio em sistemas computacionais de alto desempenho,,NA,
877,NA,,NA,
878,international symposium on computer architecture,,computer,
879,workshop on applications for multi-core architectures,,computer,
880,ieee international system-on-chip conference,,NA,
881,simposio em sistemas computacionais de alto desempenho,,NA,
882,NA,,NA,
883,ieee frontiers in education conference,,computer,
884,ieee frontiers in education conference,,computer,
885,simposio em sistemas computacionais de alto desempenho,,NA,
886,NA,,NA,
887,NA,,NA,
888,NA,,NA,
889,NA,,NA,
890,NA,,computer,
891,simposio brasileiro de pesquisa operacional,,NA,
892,international conference on industry applications,,NA,
893,brazilian symposium on programming languages,,NA,
894,NA,,NA,
895,NA,,NA,
896,NA,,NA,
897,brazilian symposium on programming languages,,NA,
898,simposio brasileiro de pesquisa operacional,,NA,
899,NA,,NA,
900,NA,,NA,
901,simposio brasileiro de pesquisa operacional,,NA,
902,NA,,NA,
903,international workshop,,NA,
904,NA,,NA,
905,international conference on parallel and distributed processing techniques and applications,,NA,
906,NA,,NA,
907,NA,,NA,
908,NA,,performance evaluation,
909,NA,,NA,
910,simposio brasileiro de pesquisa operacional,,NA,
911,NA,,NA,
912,NA,,NA,
913,NA,,NA,
914,NA,,NA,
915,NA,,NA,
916,NA,,NA,
917,NA,,NA,
918,NA,,NA,
919,NA,,NA,
920,NA,,NA,
921,NA,,NA,
922,NA,,letronica,
923,NA,,statistical methodology,
924,NA,,NA,
925,NA,,NA,
926,NA,,NA,
927,NA,,NA,
928,NA,,NA,
929,NA,,NA,
930,NA,,NA,
931,NA,,NA,
932,NA,,NA,
933,NA,,NA,
934,NA,,NA,
935,NA,,NA,
936,NA,,NA,
937,NA,,NA,
938,NA,,NA,
939,NA,,NA,
940,NA,,NA,
941,NA,,NA,
942,NA,,NA,
943,NA,,NA,
944,"ieee international conference on electronics, circuits and systems",,NA,
945,NA,,NA,
946,NA,,NA,
947,NA,,NA,
948,NA,,NA,
949,NA,,NA,
950,NA,,NA,
951,NA,,NA,
952,NA,,NA,
953,NA,,NA,
954,NA,,NA,
955,NA,,NA,
956,NA,,NA,
957,NA,,NA,
958,NA,,NA,
959,NA,,data,
960,NA,,data,
961,NA,,data,
962,NA,,data,
963,NA,,data,
964,NA,,data,
965,NA,,letronica,
966,NA,,top,
967,NA,,participacao,
968,NA,,participacao,
969,NA,,participacao,
970,NA,,participacao,
971,NA,,participacao,
972,NA,,participacao,
973,NA,,participacao,
974,NA,,participacao,
975,NA,,participacao,
976,NA,,participacao,
977,NA,,participacao,
978,NA,,participacao,
979,NA,,participacao,
980,NA,,participacao,
981,NA,,participacao,
982,NA,,participacao,
983,NA,,participacao,
984,NA,,participacao,
985,NA,,participacao,
986,NA,,participacao,
987,NA,,participacao,
988,NA,,participacao,
989,NA,,participacao,
990,NA,,participacao,
991,NA,,participacao,
992,NA,,participacao,
993,NA,,participacao,
994,NA,,participacao,
995,NA,,participacao,
996,NA,,participacao,
997,NA,,participacao,
998,NA,,participacao,
999,NA,,NA,
1000,NA,,letronica,
1001,NA,,NA,
1002,NA,,NA,
1003,NA,,NA,
1004,NA,,NA,
1005,NA,,NA,
1006,NA,,NA,
1007,NA,,NA,
1008,NA,,NA,
1009,ieee international system-on-chip conference,,NA,
1010,ieee international symposium on rapid system prototyping,,NA,
1011,NA,,NA,
1012,NA,,NA,
1013,NA,,NA,
1014,international conference on industry applications,,NA,
1015,NA,,NA,
1016,NA,,NA,
1017,NA,,NA,
1018,NA,,NA,
1019,NA,,NA,
1020,international symposium on computer architecture,,computer,
1021,NA,,NA,
1022,NA,,NA,
1023,simposio brasileiro de pesquisa operacional,,NA,
1024,NA,,NA,
1025,international symposium on computer architecture,,computer,
1026,NA,,NA,
1027,NA,,NA,
1028,NA,,NA,
1029,international workshop,,NA,
1030,NA,,NA,
1031,NA,,inteligencia artificial,
1032,NA,,NA,
1033,NA,,NA,
1034,NA,,NA,
1035,NA,,NA,
1036,NA,,NA,
1037,NA,,NA,
1038,NA,,NA,
1039,NA,,NA,
1040,NA,,NA,
1041,NA,,NA,
1042,NA,,NA,
1043,NA,,NA,
1044,international symposium on computer architecture,,computer,
1045,NA,,NA,
1046,NA,,NA,
1047,NA,,NA,
1048,NA,,NA,
1049,NA,,NA,
1050,NA,,NA,
1051,NA,,NA,
1052,NA,,NA,
1053,NA,,NA,
1054,NA,,NA,
1055,NA,,NA,
1056,NA,,NA,
1057,NA,,NA,
1058,NA,,NA,
1059,NA,,NA,
1060,NA,,NA,
1061,NA,,NA,
1062,NA,,NA,
1063,NA,,NA,
1064,NA,,NA,
1065,NA,,NA,
1066,NA,,NA,
1067,NA,,NA,
1068,NA,,NA,
1069,NA,,NA,
1070,NA,,NA,
1071,NA,,NA,
1072,NA,,NA,
1073,NA,,NA,
1074,NA,,NA,
1075,NA,,NA,
1076,NA,,NA,
1077,NA,,NA,
1078,NA,,NA,
1079,NA,,NA,
1080,NA,,NA,
1081,NA,,NA,
1082,NA,,NA,
1083,NA,,NA,
1084,NA,,NA,
1085,NA,,NA,
1086,NA,,NA,
1087,NA,,NA,
1088,NA,,NA,
1089,NA,,NA,
1090,NA,,NA,
1091,NA,,NA,
1092,NA,,NA,
1093,NA,,NA,
1094,NA,,NA,
1095,NA,,NA,
1096,NA,,NA,
1097,NA,,NA,
1098,NA,,NA,
1099,NA,,NA,
1100,NA,,NA,
1101,NA,,NA,
1102,NA,,NA,
1103,NA,,NA,
1104,NA,,NA,
1105,NA,,NA,
1106,NA,,NA,
1107,NA,,letronica,
1108,NA,,NA,
1109,NA,,NA,
1110,NA,,NA,
1111,NA,,NA,
1112,NA,,NA,
1113,NA,,NA,
1114,NA,,NA,
1115,NA,,NA,
1116,NA,,NA,
1117,NA,,NA,
1118,NA,,NA,
1119,NA,,NA,
1120,NA,,NA,
1121,NA,,NA,
1122,NA,,NA,
1123,NA,,letronica,
1124,NA,,letronica,
1125,NA,,letronica,
1126,NA,,NA,
1127,NA,,NA,
1128,NA,,NA,
1129,NA,,NA,
1130,NA,,NA,
1131,NA,,data,
1132,NA,,data,
1133,NA,,data,
1134,NA,,data,
1135,NA,,data,
1136,NA,,data,
1137,NA,,letronica,
1138,NA,,NA,
1139,NA,,top,
1140,NA,,NA,
1141,NA,,NA,
1142,NA,,NA,
1143,NA,,NA,
1144,NA,,NA,
1145,NA,,revista brasileira de biometria,
1146,NA,,international journal of agricultural and environmental information systems,
1147,NA,,international journal of agricultural and environmental information systems,
1148,NA,,revista brasileira de biometria,
1149,NA,,revista eletronica de iniciacao cientifica,
1150,NA,,journal of parallel and distributed computing,
1151,NA,,computer,
1152,NA,,design automation for embedded systems,
1153,NA,,"ieee transactions on circuits and systems. i, regular papers (print)",
1154,NA,,computer,
1155,NA,,computer,
1156,NA,,international journal of high performance systems architecture,
1157,NA,,NA,
1158,NA,,NA,
1159,NA,,NA,
1160,NA,,NA,
1161,simposio em sistemas computacionais de alto desempenho,,NA,
1162,simposio em sistemas computacionais de alto desempenho,,NA,
1163,international symposium on computer architecture,,computer,
1164,simposio em sistemas computacionais de alto desempenho,,NA,
1165,NA,,NA,
1166,international symposium on computer architecture,,computer,
1167,workshop on applications for multi-core architectures,,computer,
1168,ieee international system-on-chip conference,,NA,
1169,simposio em sistemas computacionais de alto desempenho,,NA,
1170,NA,,NA,
1171,ieee frontiers in education conference,,computer,
1172,ieee frontiers in education conference,,computer,
1173,simposio em sistemas computacionais de alto desempenho,,NA,
1174,NA,,NA,
1175,NA,,NA,
1176,NA,,NA,
1177,NA,,NA,
1178,NA,,computer,
1179,simposio brasileiro de pesquisa operacional,,NA,
1180,international conference on industry applications,,NA,
1181,brazilian symposium on programming languages,,NA,
1182,NA,,NA,
1183,NA,,NA,
1184,NA,,NA,
1185,brazilian symposium on programming languages,,NA,
1186,simposio brasileiro de pesquisa operacional,,NA,
1187,NA,,NA,
1188,NA,,NA,
1189,simposio brasileiro de pesquisa operacional,,NA,
1190,NA,,NA,
1191,international workshop,,NA,
1192,NA,,NA,
1193,international conference on parallel and distributed processing techniques and applications,,NA,
1194,NA,,NA,
1195,NA,,NA,
1196,NA,,performance evaluation,
1197,NA,,NA,
1198,simposio brasileiro de pesquisa operacional,,NA,
1199,NA,,NA,
1200,NA,,NA,
1201,NA,,NA,
1202,NA,,NA,
1203,NA,,NA,
1204,NA,,NA,
1205,NA,,NA,
1206,NA,,NA,
1207,NA,,NA,
1208,NA,,NA,
1209,NA,,NA,
1210,NA,,letronica,
1211,NA,,statistical methodology,
1212,NA,,NA,
1213,NA,,NA,
1214,NA,,NA,
1215,NA,,NA,
1216,NA,,NA,
1217,NA,,NA,
1218,NA,,NA,
1219,NA,,NA,
1220,NA,,NA,
1221,NA,,NA,
1222,NA,,NA,
1223,NA,,NA,
1224,NA,,NA,
1225,NA,,NA,
1226,NA,,NA,
1227,NA,,NA,
1228,NA,,NA,
1229,NA,,NA,
1230,NA,,NA,
1231,NA,,NA,
1232,"ieee international conference on electronics, circuits and systems",,NA,
1233,NA,,NA,
1234,NA,,NA,
1235,NA,,NA,
1236,NA,,NA,
1237,NA,,NA,
1238,NA,,NA,
1239,NA,,NA,
1240,NA,,NA,
1241,NA,,NA,
1242,NA,,NA,
1243,NA,,NA,
1244,NA,,NA,
1245,NA,,NA,
1246,NA,,NA,
1247,NA,,data,
1248,NA,,data,
1249,NA,,data,
1250,NA,,data,
1251,NA,,data,
1252,NA,,data,
1253,NA,,letronica,
1254,NA,,top,
1255,NA,,participacao,
1256,NA,,participacao,
1257,NA,,participacao,
1258,NA,,participacao,
1259,NA,,participacao,
1260,NA,,participacao,
1261,NA,,participacao,
1262,NA,,participacao,
1263,NA,,participacao,
1264,NA,,participacao,
1265,NA,,participacao,
1266,NA,,participacao,
1267,NA,,participacao,
1268,NA,,participacao,
1269,NA,,participacao,
1270,NA,,participacao,
1271,NA,,participacao,
1272,NA,,participacao,
1273,NA,,participacao,
1274,NA,,participacao,
1275,NA,,participacao,
1276,NA,,participacao,
1277,NA,,participacao,
1278,NA,,participacao,
1279,NA,,participacao,
1280,NA,,participacao,
1281,NA,,participacao,
1282,NA,,participacao,
1283,NA,,participacao,
1284,NA,,participacao,
1285,NA,,participacao,
1286,NA,,participacao,
1287,NA,,NA,
1288,NA,,letronica,
1289,NA,,NA,
1290,NA,,NA,
1291,NA,,NA,
1292,NA,,NA,
1293,NA,,NA,
1294,NA,,NA,
1295,NA,,NA,
1296,NA,,NA,
1297,ieee international system-on-chip conference,,NA,
1298,ieee international symposium on rapid system prototyping,,NA,
1299,NA,,NA,
1300,NA,,NA,
1301,NA,,NA,
1302,international conference on industry applications,,NA,
1303,NA,,NA,
1304,NA,,NA,
1305,NA,,NA,
1306,NA,,NA,
1307,NA,,NA,
1308,international symposium on computer architecture,,computer,
1309,NA,,NA,
1310,NA,,NA,
1311,simposio brasileiro de pesquisa operacional,,NA,
1312,NA,,NA,
1313,international symposium on computer architecture,,computer,
1314,NA,,NA,
1315,NA,,NA,
1316,NA,,NA,
1317,international workshop,,NA,
1318,NA,,NA,
1319,NA,,inteligencia artificial,
1320,NA,,NA,
1321,NA,,NA,
1322,NA,,NA,
1323,NA,,NA,
1324,NA,,NA,
1325,NA,,NA,
1326,NA,,NA,
1327,NA,,NA,
1328,NA,,NA,
1329,NA,,NA,
1330,NA,,NA,
1331,NA,,NA,
1332,international symposium on computer architecture,,computer,
1333,NA,,NA,
1334,NA,,NA,
1335,NA,,NA,
1336,NA,,NA,
1337,NA,,NA,
1338,NA,,NA,
1339,NA,,NA,
1340,NA,,NA,
1341,NA,,NA,
1342,NA,,NA,
1343,NA,,NA,
1344,NA,,NA,
1345,NA,,NA,
1346,NA,,NA,
1347,NA,,NA,
1348,NA,,NA,
1349,NA,,NA,
1350,NA,,NA,
1351,NA,,NA,
1352,NA,,NA,
1353,NA,,NA,
1354,NA,,NA,
1355,NA,,NA,
1356,NA,,NA,
1357,NA,,NA,
1358,NA,,NA,
1359,NA,,NA,
1360,NA,,NA,
1361,NA,,NA,
1362,NA,,NA,
1363,NA,,NA,
1364,NA,,NA,
1365,NA,,NA,
1366,NA,,NA,
1367,NA,,NA,
1368,NA,,NA,
1369,NA,,NA,
1370,NA,,NA,
1371,NA,,NA,
1372,NA,,NA,
1373,NA,,NA,
1374,NA,,NA,
1375,NA,,NA,
1376,NA,,NA,
1377,NA,,NA,
1378,NA,,NA,
1379,NA,,NA,
1380,NA,,NA,
1381,NA,,NA,
1382,NA,,NA,
1383,NA,,NA,
1384,NA,,NA,
1385,NA,,NA,
1386,NA,,NA,
1387,NA,,NA,
1388,NA,,NA,
1389,NA,,NA,
1390,NA,,NA,
1391,NA,,NA,
1392,NA,,NA,
1393,NA,,NA,
1394,NA,,NA,
1395,NA,,letronica,
1396,NA,,NA,
1397,NA,,NA,
1398,NA,,NA,
1399,NA,,NA,
1400,NA,,NA,
1401,NA,,NA,
1402,NA,,NA,
1403,NA,,NA,
1404,NA,,NA,
1405,NA,,NA,
1406,NA,,NA,
1407,NA,,NA,
1408,NA,,NA,
1409,NA,,NA,
1410,NA,,NA,
1411,NA,,letronica,
1412,NA,,letronica,
1413,NA,,letronica,
1414,NA,,NA,
1415,NA,,NA,
1416,NA,,NA,
1417,NA,,NA,
1418,NA,,NA,
1419,NA,,data,
1420,NA,,data,
1421,NA,,data,
1422,NA,,data,
1423,NA,,data,
1424,NA,,data,
1425,NA,,letronica,
1426,NA,,NA,
1427,NA,,top,
1428,NA,,NA,
1429,NA,,NA,
1430,NA,,NA,
1431,NA,,NA,
1432,NA,,NA,
1433,NA,,revista eletronica de iniciacao cientifica,
1434,NA,,international journal of agricultural and environmental information systems,
1435,NA,,international journal of agricultural and environmental information systems,
1436,NA,,revista brasileira de biometria,
1437,NA,,revista eletronica de iniciacao cientifica,
1438,NA,,journal of parallel and distributed computing,
1439,NA,,computer,
1440,NA,,design automation for embedded systems,
1441,NA,,"ieee transactions on circuits and systems. i, regular papers (print)",
1442,NA,,computer,
1443,NA,,computer,
1444,NA,,international journal of high performance systems architecture,
1445,NA,,NA,
1446,NA,,NA,
1447,NA,,NA,
1448,NA,,NA,
1449,simposio em sistemas computacionais de alto desempenho,,NA,
1450,simposio em sistemas computacionais de alto desempenho,,NA,
1451,international symposium on computer architecture,,computer,
1452,simposio em sistemas computacionais de alto desempenho,,NA,
1453,NA,,NA,
1454,international symposium on computer architecture,,computer,
1455,workshop on applications for multi-core architectures,,computer,
1456,ieee international system-on-chip conference,,NA,
1457,simposio em sistemas computacionais de alto desempenho,,NA,
1458,NA,,NA,
1459,ieee frontiers in education conference,,computer,
1460,ieee frontiers in education conference,,computer,
1461,simposio em sistemas computacionais de alto desempenho,,NA,
1462,NA,,NA,
1463,NA,,NA,
1464,NA,,NA,
1465,NA,,NA,
1466,NA,,computer,
1467,simposio brasileiro de pesquisa operacional,,NA,
1468,international conference on industry applications,,NA,
1469,brazilian symposium on programming languages,,NA,
1470,NA,,NA,
1471,NA,,NA,
1472,NA,,NA,
1473,brazilian symposium on programming languages,,NA,
1474,simposio brasileiro de pesquisa operacional,,NA,
1475,NA,,NA,
1476,NA,,NA,
1477,simposio brasileiro de pesquisa operacional,,NA,
1478,NA,,NA,
1479,international workshop,,NA,
1480,NA,,NA,
1481,international conference on parallel and distributed processing techniques and applications,,NA,
1482,NA,,NA,
1483,NA,,NA,
1484,NA,,performance evaluation,
1485,NA,,NA,
1486,simposio brasileiro de pesquisa operacional,,NA,
1487,NA,,NA,
1488,NA,,NA,
1489,NA,,NA,
1490,NA,,NA,
1491,NA,,NA,
1492,NA,,NA,
1493,NA,,NA,
1494,NA,,NA,
1495,NA,,NA,
1496,NA,,NA,
1497,NA,,NA,
1498,NA,,letronica,
1499,NA,,statistical methodology,
1500,NA,,NA,
1501,NA,,NA,
1502,NA,,NA,
1503,NA,,NA,
1504,NA,,NA,
1505,NA,,NA,
1506,NA,,NA,
1507,NA,,NA,
1508,NA,,NA,
1509,NA,,NA,
1510,NA,,NA,
1511,NA,,NA,
1512,NA,,NA,
1513,NA,,NA,
1514,NA,,NA,
1515,NA,,NA,
1516,NA,,NA,
1517,NA,,NA,
1518,NA,,NA,
1519,NA,,NA,
1520,"ieee international conference on electronics, circuits and systems",,NA,
1521,NA,,NA,
1522,NA,,NA,
1523,NA,,NA,
1524,NA,,NA,
1525,NA,,NA,
1526,NA,,NA,
1527,NA,,NA,
1528,NA,,NA,
1529,NA,,NA,
1530,NA,,NA,
1531,NA,,NA,
1532,NA,,NA,
1533,NA,,NA,
1534,NA,,NA,
1535,NA,,data,
1536,NA,,data,
1537,NA,,data,
1538,NA,,data,
1539,NA,,data,
1540,NA,,data,
1541,NA,,letronica,
1542,NA,,top,
1543,NA,,participacao,
1544,NA,,participacao,
1545,NA,,participacao,
1546,NA,,participacao,
1547,NA,,participacao,
1548,NA,,participacao,
1549,NA,,participacao,
1550,NA,,participacao,
1551,NA,,participacao,
1552,NA,,participacao,
1553,NA,,participacao,
1554,NA,,participacao,
1555,NA,,participacao,
1556,NA,,participacao,
1557,NA,,participacao,
1558,NA,,participacao,
1559,NA,,participacao,
1560,NA,,participacao,
1561,NA,,participacao,
1562,NA,,participacao,
1563,NA,,participacao,
1564,NA,,participacao,
1565,NA,,participacao,
1566,NA,,participacao,
1567,NA,,participacao,
1568,NA,,participacao,
1569,NA,,participacao,
1570,NA,,participacao,
1571,NA,,participacao,
1572,NA,,participacao,
1573,NA,,participacao,
1574,NA,,participacao,
1575,NA,,NA,
1576,NA,,letronica,
1577,NA,,NA,
1578,NA,,NA,
1579,NA,,NA,
1580,NA,,NA,
1581,NA,,NA,
1582,NA,,NA,
1583,NA,,NA,
1584,NA,,NA,
1585,ieee international system-on-chip conference,,NA,
1586,ieee international symposium on rapid system prototyping,,NA,
1587,NA,,NA,
1588,NA,,NA,
1589,NA,,NA,
1590,international conference on industry applications,,NA,
1591,NA,,NA,
1592,NA,,NA,
1593,NA,,NA,
1594,NA,,NA,
1595,NA,,NA,
1596,international symposium on computer architecture,,computer,
1597,NA,,NA,
1598,NA,,NA,
1599,simposio brasileiro de pesquisa operacional,,NA,
1600,NA,,NA,
1601,international symposium on computer architecture,,computer,
1602,NA,,NA,
1603,NA,,NA,
1604,NA,,NA,
1605,international workshop,,NA,
1606,NA,,NA,
1607,NA,,inteligencia artificial,
1608,NA,,NA,
1609,NA,,NA,
1610,NA,,NA,
1611,NA,,NA,
1612,NA,,NA,
1613,NA,,NA,
1614,NA,,NA,
1615,NA,,NA,
1616,NA,,NA,
1617,NA,,NA,
1618,NA,,NA,
1619,NA,,NA,
1620,international symposium on computer architecture,,computer,
1621,NA,,NA,
1622,NA,,NA,
1623,NA,,NA,
1624,NA,,NA,
1625,NA,,NA,
1626,NA,,NA,
1627,NA,,NA,
1628,NA,,NA,
1629,NA,,NA,
1630,NA,,NA,
1631,NA,,NA,
1632,NA,,NA,
1633,NA,,NA,
1634,NA,,NA,
1635,NA,,NA,
1636,NA,,NA,
1637,NA,,NA,
1638,NA,,NA,
1639,NA,,NA,
1640,NA,,NA,
1641,NA,,NA,
1642,NA,,NA,
1643,NA,,NA,
1644,NA,,NA,
1645,NA,,NA,
1646,NA,,NA,
1647,NA,,NA,
1648,NA,,NA,
1649,NA,,NA,
1650,NA,,NA,
1651,NA,,NA,
1652,NA,,NA,
1653,NA,,NA,
1654,NA,,NA,
1655,NA,,NA,
1656,NA,,NA,
1657,NA,,NA,
1658,NA,,NA,
1659,NA,,NA,
1660,NA,,NA,
1661,NA,,NA,
1662,NA,,NA,
1663,NA,,NA,
1664,NA,,NA,
1665,NA,,NA,
1666,NA,,NA,
1667,NA,,NA,
1668,NA,,NA,
1669,NA,,NA,
1670,NA,,NA,
1671,NA,,NA,
1672,NA,,NA,
1673,NA,,NA,
1674,NA,,NA,
1675,NA,,NA,
1676,NA,,NA,
1677,NA,,NA,
1678,NA,,NA,
1679,NA,,NA,
1680,NA,,NA,
1681,NA,,NA,
1682,NA,,NA,
1683,NA,,letronica,
1684,NA,,NA,
1685,NA,,NA,
1686,NA,,NA,
1687,NA,,NA,
1688,NA,,NA,
1689,NA,,NA,
1690,NA,,NA,
1691,NA,,NA,
1692,NA,,NA,
1693,NA,,NA,
1694,NA,,NA,
1695,NA,,NA,
1696,NA,,NA,
1697,NA,,NA,
1698,NA,,NA,
1699,NA,,letronica,
1700,NA,,letronica,
1701,NA,,letronica,
1702,NA,,NA,
1703,NA,,NA,
1704,NA,,NA,
1705,NA,,NA,
1706,NA,,NA,
1707,NA,,data,
1708,NA,,data,
1709,NA,,data,
1710,NA,,data,
1711,NA,,data,
1712,NA,,data,
1713,NA,,letronica,
1714,NA,,NA,
1715,NA,,top,
1716,NA,,NA,
1717,NA,,NA,
1718,NA,,NA,
1719,NA,,NA,
1720,NA,,NA,
1721,NA,,journal of parallel and distributed computing,
1722,NA,,international journal of agricultural and environmental information systems,
1723,NA,,international journal of agricultural and environmental information systems,
1724,NA,,revista brasileira de biometria,
1725,NA,,revista eletronica de iniciacao cientifica,
1726,NA,,journal of parallel and distributed computing,
1727,NA,,computer,
1728,NA,,design automation for embedded systems,
1729,NA,,"ieee transactions on circuits and systems. i, regular papers (print)",
1730,NA,,computer,
1731,NA,,computer,
1732,NA,,international journal of high performance systems architecture,
1733,NA,,NA,
1734,NA,,NA,
1735,NA,,NA,
1736,NA,,NA,
1737,simposio em sistemas computacionais de alto desempenho,,NA,
1738,simposio em sistemas computacionais de alto desempenho,,NA,
1739,international symposium on computer architecture,,computer,
1740,simposio em sistemas computacionais de alto desempenho,,NA,
1741,NA,,NA,
1742,international symposium on computer architecture,,computer,
1743,workshop on applications for multi-core architectures,,computer,
1744,ieee international system-on-chip conference,,NA,
1745,simposio em sistemas computacionais de alto desempenho,,NA,
1746,NA,,NA,
1747,ieee frontiers in education conference,,computer,
1748,ieee frontiers in education conference,,computer,
1749,simposio em sistemas computacionais de alto desempenho,,NA,
1750,NA,,NA,
1751,NA,,NA,
1752,NA,,NA,
1753,NA,,NA,
1754,NA,,computer,
1755,simposio brasileiro de pesquisa operacional,,NA,
1756,international conference on industry applications,,NA,
1757,brazilian symposium on programming languages,,NA,
1758,NA,,NA,
1759,NA,,NA,
1760,NA,,NA,
1761,brazilian symposium on programming languages,,NA,
1762,simposio brasileiro de pesquisa operacional,,NA,
1763,NA,,NA,
1764,NA,,NA,
1765,simposio brasileiro de pesquisa operacional,,NA,
1766,NA,,NA,
1767,international workshop,,NA,
1768,NA,,NA,
1769,international conference on parallel and distributed processing techniques and applications,,NA,
1770,NA,,NA,
1771,NA,,NA,
1772,NA,,performance evaluation,
1773,NA,,NA,
1774,simposio brasileiro de pesquisa operacional,,NA,
1775,NA,,NA,
1776,NA,,NA,
1777,NA,,NA,
1778,NA,,NA,
1779,NA,,NA,
1780,NA,,NA,
1781,NA,,NA,
1782,NA,,NA,
1783,NA,,NA,
1784,NA,,NA,
1785,NA,,NA,
1786,NA,,letronica,
1787,NA,,statistical methodology,
1788,NA,,NA,
1789,NA,,NA,
1790,NA,,NA,
1791,NA,,NA,
1792,NA,,NA,
1793,NA,,NA,
1794,NA,,NA,
1795,NA,,NA,
1796,NA,,NA,
1797,NA,,NA,
1798,NA,,NA,
1799,NA,,NA,
1800,NA,,NA,
1801,NA,,NA,
1802,NA,,NA,
1803,NA,,NA,
1804,NA,,NA,
1805,NA,,NA,
1806,NA,,NA,
1807,NA,,NA,
1808,"ieee international conference on electronics, circuits and systems",,NA,
1809,NA,,NA,
1810,NA,,NA,
1811,NA,,NA,
1812,NA,,NA,
1813,NA,,NA,
1814,NA,,NA,
1815,NA,,NA,
1816,NA,,NA,
1817,NA,,NA,
1818,NA,,NA,
1819,NA,,NA,
1820,NA,,NA,
1821,NA,,NA,
1822,NA,,NA,
1823,NA,,data,
1824,NA,,data,
1825,NA,,data,
1826,NA,,data,
1827,NA,,data,
1828,NA,,data,
1829,NA,,letronica,
1830,NA,,top,
1831,NA,,participacao,
1832,NA,,participacao,
1833,NA,,participacao,
1834,NA,,participacao,
1835,NA,,participacao,
1836,NA,,participacao,
1837,NA,,participacao,
1838,NA,,participacao,
1839,NA,,participacao,
1840,NA,,participacao,
1841,NA,,participacao,
1842,NA,,participacao,
1843,NA,,participacao,
1844,NA,,participacao,
1845,NA,,participacao,
1846,NA,,participacao,
1847,NA,,participacao,
1848,NA,,participacao,
1849,NA,,participacao,
1850,NA,,participacao,
1851,NA,,participacao,
1852,NA,,participacao,
1853,NA,,participacao,
1854,NA,,participacao,
1855,NA,,participacao,
1856,NA,,participacao,
1857,NA,,participacao,
1858,NA,,participacao,
1859,NA,,participacao,
1860,NA,,participacao,
1861,NA,,participacao,
1862,NA,,participacao,
1863,NA,,NA,
1864,NA,,letronica,
1865,NA,,NA,
1866,NA,,NA,
1867,NA,,NA,
1868,NA,,NA,
1869,NA,,NA,
1870,NA,,NA,
1871,NA,,NA,
1872,NA,,NA,
1873,ieee international system-on-chip conference,,NA,
1874,ieee international symposium on rapid system prototyping,,NA,
1875,NA,,NA,
1876,NA,,NA,
1877,NA,,NA,
1878,international conference on industry applications,,NA,
1879,NA,,NA,
1880,NA,,NA,
1881,NA,,NA,
1882,NA,,NA,
1883,NA,,NA,
1884,international symposium on computer architecture,,computer,
1885,NA,,NA,
1886,NA,,NA,
1887,simposio brasileiro de pesquisa operacional,,NA,
1888,NA,,NA,
1889,international symposium on computer architecture,,computer,
1890,NA,,NA,
1891,NA,,NA,
1892,NA,,NA,
1893,international workshop,,NA,
1894,NA,,NA,
1895,NA,,inteligencia artificial,
1896,NA,,NA,
1897,NA,,NA,
1898,NA,,NA,
1899,NA,,NA,
1900,NA,,NA,
1901,NA,,NA,
1902,NA,,NA,
1903,NA,,NA,
1904,NA,,NA,
1905,NA,,NA,
1906,NA,,NA,
1907,NA,,NA,
1908,international symposium on computer architecture,,computer,
1909,NA,,NA,
1910,NA,,NA,
1911,NA,,NA,
1912,NA,,NA,
1913,NA,,NA,
1914,NA,,NA,
1915,NA,,NA,
1916,NA,,NA,
1917,NA,,NA,
1918,NA,,NA,
1919,NA,,NA,
1920,NA,,NA,
1921,NA,,NA,
1922,NA,,NA,
1923,NA,,NA,
1924,NA,,NA,
1925,NA,,NA,
1926,NA,,NA,
1927,NA,,NA,
1928,NA,,NA,
1929,NA,,NA,
1930,NA,,NA,
1931,NA,,NA,
1932,NA,,NA,
1933,NA,,NA,
1934,NA,,NA,
1935,NA,,NA,
1936,NA,,NA,
1937,NA,,NA,
1938,NA,,NA,
1939,NA,,NA,
1940,NA,,NA,
1941,NA,,NA,
1942,NA,,NA,
1943,NA,,NA,
1944,NA,,NA,
1945,NA,,NA,
1946,NA,,NA,
1947,NA,,NA,
1948,NA,,NA,
1949,NA,,NA,
1950,NA,,NA,
1951,NA,,NA,
1952,NA,,NA,
1953,NA,,NA,
1954,NA,,NA,
1955,NA,,NA,
1956,NA,,NA,
1957,NA,,NA,
1958,NA,,NA,
1959,NA,,NA,
1960,NA,,NA,
1961,NA,,NA,
1962,NA,,NA,
1963,NA,,NA,
1964,NA,,NA,
1965,NA,,NA,
1966,NA,,NA,
1967,NA,,NA,
1968,NA,,NA,
1969,NA,,NA,
1970,NA,,NA,
1971,NA,,letronica,
1972,NA,,NA,
1973,NA,,NA,
1974,NA,,NA,
1975,NA,,NA,
1976,NA,,NA,
1977,NA,,NA,
1978,NA,,NA,
1979,NA,,NA,
1980,NA,,NA,
1981,NA,,NA,
1982,NA,,NA,
1983,NA,,NA,
1984,NA,,NA,
1985,NA,,NA,
1986,NA,,NA,
1987,NA,,letronica,
1988,NA,,letronica,
1989,NA,,letronica,
1990,NA,,NA,
1991,NA,,NA,
1992,NA,,NA,
1993,NA,,NA,
1994,NA,,NA,
1995,NA,,data,
1996,NA,,data,
1997,NA,,data,
1998,NA,,data,
1999,NA,,data,
2000,NA,,data,
2001,NA,,letronica,
2002,NA,,NA,
2003,NA,,top,
2004,NA,,NA,
2005,NA,,NA,
2006,NA,,NA,
2007,NA,,NA,
2008,NA,,NA,
2009,NA,,computer,
2010,NA,,international journal of agricultural and environmental information systems,
2011,NA,,international journal of agricultural and environmental information systems,
2012,NA,,revista brasileira de biometria,
2013,NA,,revista eletronica de iniciacao cientifica,
2014,NA,,journal of parallel and distributed computing,
2015,NA,,computer,
2016,NA,,design automation for embedded systems,
2017,NA,,"ieee transactions on circuits and systems. i, regular papers (print)",
2018,NA,,computer,
2019,NA,,computer,
2020,NA,,international journal of high performance systems architecture,
2021,NA,,NA,
2022,NA,,NA,
2023,NA,,NA,
2024,NA,,NA,
2025,simposio em sistemas computacionais de alto desempenho,,NA,
2026,simposio em sistemas computacionais de alto desempenho,,NA,
2027,international symposium on computer architecture,,computer,
2028,simposio em sistemas computacionais de alto desempenho,,NA,
2029,NA,,NA,
2030,international symposium on computer architecture,,computer,
2031,workshop on applications for multi-core architectures,,computer,
2032,ieee international system-on-chip conference,,NA,
2033,simposio em sistemas computacionais de alto desempenho,,NA,
2034,NA,,NA,
2035,ieee frontiers in education conference,,computer,
2036,ieee frontiers in education conference,,computer,
2037,simposio em sistemas computacionais de alto desempenho,,NA,
2038,NA,,NA,
2039,NA,,NA,
2040,NA,,NA,
2041,NA,,NA,
2042,NA,,computer,
2043,simposio brasileiro de pesquisa operacional,,NA,
2044,international conference on industry applications,,NA,
2045,brazilian symposium on programming languages,,NA,
2046,NA,,NA,
2047,NA,,NA,
2048,NA,,NA,
2049,brazilian symposium on programming languages,,NA,
2050,simposio brasileiro de pesquisa operacional,,NA,
2051,NA,,NA,
2052,NA,,NA,
2053,simposio brasileiro de pesquisa operacional,,NA,
2054,NA,,NA,
2055,international workshop,,NA,
2056,NA,,NA,
2057,international conference on parallel and distributed processing techniques and applications,,NA,
2058,NA,,NA,
2059,NA,,NA,
2060,NA,,performance evaluation,
2061,NA,,NA,
2062,simposio brasileiro de pesquisa operacional,,NA,
2063,NA,,NA,
2064,NA,,NA,
2065,NA,,NA,
2066,NA,,NA,
2067,NA,,NA,
2068,NA,,NA,
2069,NA,,NA,
2070,NA,,NA,
2071,NA,,NA,
2072,NA,,NA,
2073,NA,,NA,
2074,NA,,letronica,
2075,NA,,statistical methodology,
2076,NA,,NA,
2077,NA,,NA,
2078,NA,,NA,
2079,NA,,NA,
2080,NA,,NA,
2081,NA,,NA,
2082,NA,,NA,
2083,NA,,NA,
2084,NA,,NA,
2085,NA,,NA,
2086,NA,,NA,
2087,NA,,NA,
2088,NA,,NA,
2089,NA,,NA,
2090,NA,,NA,
2091,NA,,NA,
2092,NA,,NA,
2093,NA,,NA,
2094,NA,,NA,
2095,NA,,NA,
2096,"ieee international conference on electronics, circuits and systems",,NA,
2097,NA,,NA,
2098,NA,,NA,
2099,NA,,NA,
2100,NA,,NA,
2101,NA,,NA,
2102,NA,,NA,
2103,NA,,NA,
2104,NA,,NA,
2105,NA,,NA,
2106,NA,,NA,
2107,NA,,NA,
2108,NA,,NA,
2109,NA,,NA,
2110,NA,,NA,
2111,NA,,data,
2112,NA,,data,
2113,NA,,data,
2114,NA,,data,
2115,NA,,data,
2116,NA,,data,
2117,NA,,letronica,
2118,NA,,top,
2119,NA,,participacao,
2120,NA,,participacao,
2121,NA,,participacao,
2122,NA,,participacao,
2123,NA,,participacao,
2124,NA,,participacao,
2125,NA,,participacao,
2126,NA,,participacao,
2127,NA,,participacao,
2128,NA,,participacao,
2129,NA,,participacao,
2130,NA,,participacao,
2131,NA,,participacao,
2132,NA,,participacao,
2133,NA,,participacao,
2134,NA,,participacao,
2135,NA,,participacao,
2136,NA,,participacao,
2137,NA,,participacao,
2138,NA,,participacao,
2139,NA,,participacao,
2140,NA,,participacao,
2141,NA,,participacao,
2142,NA,,participacao,
2143,NA,,participacao,
2144,NA,,participacao,
2145,NA,,participacao,
2146,NA,,participacao,
2147,NA,,participacao,
2148,NA,,participacao,
2149,NA,,participacao,
2150,NA,,participacao,
2151,NA,,NA,
2152,NA,,letronica,
2153,NA,,NA,
2154,NA,,NA,
2155,NA,,NA,
2156,NA,,NA,
2157,NA,,NA,
2158,NA,,NA,
2159,NA,,NA,
2160,NA,,NA,
2161,ieee international system-on-chip conference,,NA,
2162,ieee international symposium on rapid system prototyping,,NA,
2163,NA,,NA,
2164,NA,,NA,
2165,NA,,NA,
2166,international conference on industry applications,,NA,
2167,NA,,NA,
2168,NA,,NA,
2169,NA,,NA,
2170,NA,,NA,
2171,NA,,NA,
2172,international symposium on computer architecture,,computer,
2173,NA,,NA,
2174,NA,,NA,
2175,simposio brasileiro de pesquisa operacional,,NA,
2176,NA,,NA,
2177,international symposium on computer architecture,,computer,
2178,NA,,NA,
2179,NA,,NA,
2180,NA,,NA,
2181,international workshop,,NA,
2182,NA,,NA,
2183,NA,,inteligencia artificial,
2184,NA,,NA,
2185,NA,,NA,
2186,NA,,NA,
2187,NA,,NA,
2188,NA,,NA,
2189,NA,,NA,
2190,NA,,NA,
2191,NA,,NA,
2192,NA,,NA,
2193,NA,,NA,
2194,NA,,NA,
2195,NA,,NA,
2196,international symposium on computer architecture,,computer,
2197,NA,,NA,
2198,NA,,NA,
2199,NA,,NA,
2200,NA,,NA,
2201,NA,,NA,
2202,NA,,NA,
2203,NA,,NA,
2204,NA,,NA,
2205,NA,,NA,
2206,NA,,NA,
2207,NA,,NA,
2208,NA,,NA,
2209,NA,,NA,
2210,NA,,NA,
2211,NA,,NA,
2212,NA,,NA,
2213,NA,,NA,
2214,NA,,NA,
2215,NA,,NA,
2216,NA,,NA,
2217,NA,,NA,
2218,NA,,NA,
2219,NA,,NA,
2220,NA,,NA,
2221,NA,,NA,
2222,NA,,NA,
2223,NA,,NA,
2224,NA,,NA,
2225,NA,,NA,
2226,NA,,NA,
2227,NA,,NA,
2228,NA,,NA,
2229,NA,,NA,
2230,NA,,NA,
2231,NA,,NA,
2232,NA,,NA,
2233,NA,,NA,
2234,NA,,NA,
2235,NA,,NA,
2236,NA,,NA,
2237,NA,,NA,
2238,NA,,NA,
2239,NA,,NA,
2240,NA,,NA,
2241,NA,,NA,
2242,NA,,NA,
2243,NA,,NA,
2244,NA,,NA,
2245,NA,,NA,
2246,NA,,NA,
2247,NA,,NA,
2248,NA,,NA,
2249,NA,,NA,
2250,NA,,NA,
2251,NA,,NA,
2252,NA,,NA,
2253,NA,,NA,
2254,NA,,NA,
2255,NA,,NA,
2256,NA,,NA,
2257,NA,,NA,
2258,NA,,NA,
2259,NA,,letronica,
2260,NA,,NA,
2261,NA,,NA,
2262,NA,,NA,
2263,NA,,NA,
2264,NA,,NA,
2265,NA,,NA,
2266,NA,,NA,
2267,NA,,NA,
2268,NA,,NA,
2269,NA,,NA,
2270,NA,,NA,
2271,NA,,NA,
2272,NA,,NA,
2273,NA,,NA,
2274,NA,,NA,
2275,NA,,letronica,
2276,NA,,letronica,
2277,NA,,letronica,
2278,NA,,NA,
2279,NA,,NA,
2280,NA,,NA,
2281,NA,,NA,
2282,NA,,NA,
2283,NA,,data,
2284,NA,,data,
2285,NA,,data,
2286,NA,,data,
2287,NA,,data,
2288,NA,,data,
2289,NA,,letronica,
2290,NA,,NA,
2291,NA,,top,
2292,NA,,NA,
2293,NA,,NA,
2294,NA,,NA,
2295,NA,,NA,
2296,NA,,NA,
2297,NA,,design automation for embedded systems,
2298,NA,,international journal of agricultural and environmental information systems,
2299,NA,,international journal of agricultural and environmental information systems,
2300,NA,,revista brasileira de biometria,
2301,NA,,revista eletronica de iniciacao cientifica,
2302,NA,,journal of parallel and distributed computing,
2303,NA,,computer,
2304,NA,,design automation for embedded systems,
2305,NA,,"ieee transactions on circuits and systems. i, regular papers (print)",
2306,NA,,computer,
2307,NA,,computer,
2308,NA,,international journal of high performance systems architecture,
2309,NA,,NA,
2310,NA,,NA,
2311,NA,,NA,
2312,NA,,NA,
2313,simposio em sistemas computacionais de alto desempenho,,NA,
2314,simposio em sistemas computacionais de alto desempenho,,NA,
2315,international symposium on computer architecture,,computer,
2316,simposio em sistemas computacionais de alto desempenho,,NA,
2317,NA,,NA,
2318,international symposium on computer architecture,,computer,
2319,workshop on applications for multi-core architectures,,computer,
2320,ieee international system-on-chip conference,,NA,
2321,simposio em sistemas computacionais de alto desempenho,,NA,
2322,NA,,NA,
2323,ieee frontiers in education conference,,computer,
2324,ieee frontiers in education conference,,computer,
2325,simposio em sistemas computacionais de alto desempenho,,NA,
2326,NA,,NA,
2327,NA,,NA,
2328,NA,,NA,
2329,NA,,NA,
2330,NA,,computer,
2331,simposio brasileiro de pesquisa operacional,,NA,
2332,international conference on industry applications,,NA,
2333,brazilian symposium on programming languages,,NA,
2334,NA,,NA,
2335,NA,,NA,
2336,NA,,NA,
2337,brazilian symposium on programming languages,,NA,
2338,simposio brasileiro de pesquisa operacional,,NA,
2339,NA,,NA,
2340,NA,,NA,
2341,simposio brasileiro de pesquisa operacional,,NA,
2342,NA,,NA,
2343,international workshop,,NA,
2344,NA,,NA,
2345,international conference on parallel and distributed processing techniques and applications,,NA,
2346,NA,,NA,
2347,NA,,NA,
2348,NA,,performance evaluation,
2349,NA,,NA,
2350,simposio brasileiro de pesquisa operacional,,NA,
2351,NA,,NA,
2352,NA,,NA,
2353,NA,,NA,
2354,NA,,NA,
2355,NA,,NA,
2356,NA,,NA,
2357,NA,,NA,
2358,NA,,NA,
2359,NA,,NA,
2360,NA,,NA,
2361,NA,,NA,
2362,NA,,letronica,
2363,NA,,statistical methodology,
2364,NA,,NA,
2365,NA,,NA,
2366,NA,,NA,
2367,NA,,NA,
2368,NA,,NA,
2369,NA,,NA,
2370,NA,,NA,
2371,NA,,NA,
2372,NA,,NA,
2373,NA,,NA,
2374,NA,,NA,
2375,NA,,NA,
2376,NA,,NA,
2377,NA,,NA,
2378,NA,,NA,
2379,NA,,NA,
2380,NA,,NA,
2381,NA,,NA,
2382,NA,,NA,
2383,NA,,NA,
2384,"ieee international conference on electronics, circuits and systems",,NA,
2385,NA,,NA,
2386,NA,,NA,
2387,NA,,NA,
2388,NA,,NA,
2389,NA,,NA,
2390,NA,,NA,
2391,NA,,NA,
2392,NA,,NA,
2393,NA,,NA,
2394,NA,,NA,
2395,NA,,NA,
2396,NA,,NA,
2397,NA,,NA,
2398,NA,,NA,
2399,NA,,data,
2400,NA,,data,
2401,NA,,data,
2402,NA,,data,
2403,NA,,data,
2404,NA,,data,
2405,NA,,letronica,
2406,NA,,top,
2407,NA,,participacao,
2408,NA,,participacao,
2409,NA,,participacao,
2410,NA,,participacao,
2411,NA,,participacao,
2412,NA,,participacao,
2413,NA,,participacao,
2414,NA,,participacao,
2415,NA,,participacao,
2416,NA,,participacao,
2417,NA,,participacao,
2418,NA,,participacao,
2419,NA,,participacao,
2420,NA,,participacao,
2421,NA,,participacao,
2422,NA,,participacao,
2423,NA,,participacao,
2424,NA,,participacao,
2425,NA,,participacao,
2426,NA,,participacao,
2427,NA,,participacao,
2428,NA,,participacao,
2429,NA,,participacao,
2430,NA,,participacao,
2431,NA,,participacao,
2432,NA,,participacao,
2433,NA,,participacao,
2434,NA,,participacao,
2435,NA,,participacao,
2436,NA,,participacao,
2437,NA,,participacao,
2438,NA,,participacao,
2439,NA,,NA,
2440,NA,,letronica,
2441,NA,,NA,
2442,NA,,NA,
2443,NA,,NA,
2444,NA,,NA,
2445,NA,,NA,
2446,NA,,NA,
2447,NA,,NA,
2448,NA,,NA,
2449,ieee international system-on-chip conference,,NA,
2450,ieee international symposium on rapid system prototyping,,NA,
2451,NA,,NA,
2452,NA,,NA,
2453,NA,,NA,
2454,international conference on industry applications,,NA,
2455,NA,,NA,
2456,NA,,NA,
2457,NA,,NA,
2458,NA,,NA,
2459,NA,,NA,
2460,international symposium on computer architecture,,computer,
2461,NA,,NA,
2462,NA,,NA,
2463,simposio brasileiro de pesquisa operacional,,NA,
2464,NA,,NA,
2465,international symposium on computer architecture,,computer,
2466,NA,,NA,
2467,NA,,NA,
2468,NA,,NA,
2469,international workshop,,NA,
2470,NA,,NA,
2471,NA,,inteligencia artificial,
2472,NA,,NA,
2473,NA,,NA,
2474,NA,,NA,
2475,NA,,NA,
2476,NA,,NA,
2477,NA,,NA,
2478,NA,,NA,
2479,NA,,NA,
2480,NA,,NA,
2481,NA,,NA,
2482,NA,,NA,
2483,NA,,NA,
2484,international symposium on computer architecture,,computer,
2485,NA,,NA,
2486,NA,,NA,
2487,NA,,NA,
2488,NA,,NA,
2489,NA,,NA,
2490,NA,,NA,
2491,NA,,NA,
2492,NA,,NA,
2493,NA,,NA,
2494,NA,,NA,
2495,NA,,NA,
2496,NA,,NA,
2497,NA,,NA,
2498,NA,,NA,
2499,NA,,NA,
2500,NA,,NA,
2501,NA,,NA,
2502,NA,,NA,
2503,NA,,NA,
2504,NA,,NA,
2505,NA,,NA,
2506,NA,,NA,
2507,NA,,NA,
2508,NA,,NA,
2509,NA,,NA,
2510,NA,,NA,
2511,NA,,NA,
2512,NA,,NA,
2513,NA,,NA,
2514,NA,,NA,
2515,NA,,NA,
2516,NA,,NA,
2517,NA,,NA,
2518,NA,,NA,
2519,NA,,NA,
2520,NA,,NA,
2521,NA,,NA,
2522,NA,,NA,
2523,NA,,NA,
2524,NA,,NA,
2525,NA,,NA,
2526,NA,,NA,
2527,NA,,NA,
2528,NA,,NA,
2529,NA,,NA,
2530,NA,,NA,
2531,NA,,NA,
2532,NA,,NA,
2533,NA,,NA,
2534,NA,,NA,
2535,NA,,NA,
2536,NA,,NA,
2537,NA,,NA,
2538,NA,,NA,
2539,NA,,NA,
2540,NA,,NA,
2541,NA,,NA,
2542,NA,,NA,
2543,NA,,NA,
2544,NA,,NA,
2545,NA,,NA,
2546,NA,,NA,
2547,NA,,letronica,
2548,NA,,NA,
2549,NA,,NA,
2550,NA,,NA,
2551,NA,,NA,
2552,NA,,NA,
2553,NA,,NA,
2554,NA,,NA,
2555,NA,,NA,
2556,NA,,NA,
2557,NA,,NA,
2558,NA,,NA,
2559,NA,,NA,
2560,NA,,NA,
2561,NA,,NA,
2562,NA,,NA,
2563,NA,,letronica,
2564,NA,,letronica,
2565,NA,,letronica,
2566,NA,,NA,
2567,NA,,NA,
2568,NA,,NA,
2569,NA,,NA,
2570,NA,,NA,
2571,NA,,data,
2572,NA,,data,
2573,NA,,data,
2574,NA,,data,
2575,NA,,data,
2576,NA,,data,
2577,NA,,letronica,
2578,NA,,NA,
2579,NA,,top,
2580,NA,,NA,
2581,NA,,NA,
2582,NA,,NA,
2583,NA,,NA,
2584,NA,,NA,
2585,NA,,"ieee transactions on circuits and systems. i, regular papers (print)",
2586,NA,,international journal of agricultural and environmental information systems,
2587,NA,,international journal of agricultural and environmental information systems,
2588,NA,,revista brasileira de biometria,
2589,NA,,revista eletronica de iniciacao cientifica,
2590,NA,,journal of parallel and distributed computing,
2591,NA,,computer,
2592,NA,,design automation for embedded systems,
2593,NA,,"ieee transactions on circuits and systems. i, regular papers (print)",
2594,NA,,computer,
2595,NA,,computer,
2596,NA,,international journal of high performance systems architecture,
2597,NA,,NA,
2598,NA,,NA,
2599,NA,,NA,
2600,NA,,NA,
2601,simposio em sistemas computacionais de alto desempenho,,NA,
2602,simposio em sistemas computacionais de alto desempenho,,NA,
2603,international symposium on computer architecture,,computer,
2604,simposio em sistemas computacionais de alto desempenho,,NA,
2605,NA,,NA,
2606,international symposium on computer architecture,,computer,
2607,workshop on applications for multi-core architectures,,computer,
2608,ieee international system-on-chip conference,,NA,
2609,simposio em sistemas computacionais de alto desempenho,,NA,
2610,NA,,NA,
2611,ieee frontiers in education conference,,computer,
2612,ieee frontiers in education conference,,computer,
2613,simposio em sistemas computacionais de alto desempenho,,NA,
2614,NA,,NA,
2615,NA,,NA,
2616,NA,,NA,
2617,NA,,NA,
2618,NA,,computer,
2619,simposio brasileiro de pesquisa operacional,,NA,
2620,international conference on industry applications,,NA,
2621,brazilian symposium on programming languages,,NA,
2622,NA,,NA,
2623,NA,,NA,
2624,NA,,NA,
2625,brazilian symposium on programming languages,,NA,
2626,simposio brasileiro de pesquisa operacional,,NA,
2627,NA,,NA,
2628,NA,,NA,
2629,simposio brasileiro de pesquisa operacional,,NA,
2630,NA,,NA,
2631,international workshop,,NA,
2632,NA,,NA,
2633,international conference on parallel and distributed processing techniques and applications,,NA,
2634,NA,,NA,
2635,NA,,NA,
2636,NA,,performance evaluation,
2637,NA,,NA,
2638,simposio brasileiro de pesquisa operacional,,NA,
2639,NA,,NA,
2640,NA,,NA,
2641,NA,,NA,
2642,NA,,NA,
2643,NA,,NA,
2644,NA,,NA,
2645,NA,,NA,
2646,NA,,NA,
2647,NA,,NA,
2648,NA,,NA,
2649,NA,,NA,
2650,NA,,letronica,
2651,NA,,statistical methodology,
2652,NA,,NA,
2653,NA,,NA,
2654,NA,,NA,
2655,NA,,NA,
2656,NA,,NA,
2657,NA,,NA,
2658,NA,,NA,
2659,NA,,NA,
2660,NA,,NA,
2661,NA,,NA,
2662,NA,,NA,
2663,NA,,NA,
2664,NA,,NA,
2665,NA,,NA,
2666,NA,,NA,
2667,NA,,NA,
2668,NA,,NA,
2669,NA,,NA,
2670,NA,,NA,
2671,NA,,NA,
2672,"ieee international conference on electronics, circuits and systems",,NA,
2673,NA,,NA,
2674,NA,,NA,
2675,NA,,NA,
2676,NA,,NA,
2677,NA,,NA,
2678,NA,,NA,
2679,NA,,NA,
2680,NA,,NA,
2681,NA,,NA,
2682,NA,,NA,
2683,NA,,NA,
2684,NA,,NA,
2685,NA,,NA,
2686,NA,,NA,
2687,NA,,data,
2688,NA,,data,
2689,NA,,data,
2690,NA,,data,
2691,NA,,data,
2692,NA,,data,
2693,NA,,letronica,
2694,NA,,top,
2695,NA,,participacao,
2696,NA,,participacao,
2697,NA,,participacao,
2698,NA,,participacao,
2699,NA,,participacao,
2700,NA,,participacao,
2701,NA,,participacao,
2702,NA,,participacao,
2703,NA,,participacao,
2704,NA,,participacao,
2705,NA,,participacao,
2706,NA,,participacao,
2707,NA,,participacao,
2708,NA,,participacao,
2709,NA,,participacao,
2710,NA,,participacao,
2711,NA,,participacao,
2712,NA,,participacao,
2713,NA,,participacao,
2714,NA,,participacao,
2715,NA,,participacao,
2716,NA,,participacao,
2717,NA,,participacao,
2718,NA,,participacao,
2719,NA,,participacao,
2720,NA,,participacao,
2721,NA,,participacao,
2722,NA,,participacao,
2723,NA,,participacao,
2724,NA,,participacao,
2725,NA,,participacao,
2726,NA,,participacao,
2727,NA,,NA,
2728,NA,,letronica,
2729,NA,,NA,
2730,NA,,NA,
2731,NA,,NA,
2732,NA,,NA,
2733,NA,,NA,
2734,NA,,NA,
2735,NA,,NA,
2736,NA,,NA,
2737,ieee international system-on-chip conference,,NA,
2738,ieee international symposium on rapid system prototyping,,NA,
2739,NA,,NA,
2740,NA,,NA,
2741,NA,,NA,
2742,international conference on industry applications,,NA,
2743,NA,,NA,
2744,NA,,NA,
2745,NA,,NA,
2746,NA,,NA,
2747,NA,,NA,
2748,international symposium on computer architecture,,computer,
2749,NA,,NA,
2750,NA,,NA,
2751,simposio brasileiro de pesquisa operacional,,NA,
2752,NA,,NA,
2753,international symposium on computer architecture,,computer,
2754,NA,,NA,
2755,NA,,NA,
2756,NA,,NA,
2757,international workshop,,NA,
2758,NA,,NA,
2759,NA,,inteligencia artificial,
2760,NA,,NA,
2761,NA,,NA,
2762,NA,,NA,
2763,NA,,NA,
2764,NA,,NA,
2765,NA,,NA,
2766,NA,,NA,
2767,NA,,NA,
2768,NA,,NA,
2769,NA,,NA,
2770,NA,,NA,
2771,NA,,NA,
2772,international symposium on computer architecture,,computer,
2773,NA,,NA,
2774,NA,,NA,
2775,NA,,NA,
2776,NA,,NA,
2777,NA,,NA,
2778,NA,,NA,
2779,NA,,NA,
2780,NA,,NA,
2781,NA,,NA,
2782,NA,,NA,
2783,NA,,NA,
2784,NA,,NA,
2785,NA,,NA,
2786,NA,,NA,
2787,NA,,NA,
2788,NA,,NA,
2789,NA,,NA,
2790,NA,,NA,
2791,NA,,NA,
2792,NA,,NA,
2793,NA,,NA,
2794,NA,,NA,
2795,NA,,NA,
2796,NA,,NA,
2797,NA,,NA,
2798,NA,,NA,
2799,NA,,NA,
2800,NA,,NA,
2801,NA,,NA,
2802,NA,,NA,
2803,NA,,NA,
2804,NA,,NA,
2805,NA,,NA,
2806,NA,,NA,
2807,NA,,NA,
2808,NA,,NA,
2809,NA,,NA,
2810,NA,,NA,
2811,NA,,NA,
2812,NA,,NA,
2813,NA,,NA,
2814,NA,,NA,
2815,NA,,NA,
2816,NA,,NA,
2817,NA,,NA,
2818,NA,,NA,
2819,NA,,NA,
2820,NA,,NA,
2821,NA,,NA,
2822,NA,,NA,
2823,NA,,NA,
2824,NA,,NA,
2825,NA,,NA,
2826,NA,,NA,
2827,NA,,NA,
2828,NA,,NA,
2829,NA,,NA,
2830,NA,,NA,
2831,NA,,NA,
2832,NA,,NA,
2833,NA,,NA,
2834,NA,,NA,
2835,NA,,letronica,
2836,NA,,NA,
2837,NA,,NA,
2838,NA,,NA,
2839,NA,,NA,
2840,NA,,NA,
2841,NA,,NA,
2842,NA,,NA,
2843,NA,,NA,
2844,NA,,NA,
2845,NA,,NA,
2846,NA,,NA,
2847,NA,,NA,
2848,NA,,NA,
2849,NA,,NA,
2850,NA,,NA,
2851,NA,,letronica,
2852,NA,,letronica,
2853,NA,,letronica,
2854,NA,,NA,
2855,NA,,NA,
2856,NA,,NA,
2857,NA,,NA,
2858,NA,,NA,
2859,NA,,data,
2860,NA,,data,
2861,NA,,data,
2862,NA,,data,
2863,NA,,data,
2864,NA,,data,
2865,NA,,letronica,
2866,NA,,NA,
2867,NA,,top,
2868,NA,,NA,
2869,NA,,NA,
2870,NA,,NA,
2871,NA,,NA,
2872,NA,,NA,
2873,NA,,computer,
2874,NA,,international journal of agricultural and environmental information systems,
2875,NA,,international journal of agricultural and environmental information systems,
2876,NA,,revista brasileira de biometria,
2877,NA,,revista eletronica de iniciacao cientifica,
2878,NA,,journal of parallel and distributed computing,
2879,NA,,computer,
2880,NA,,design automation for embedded systems,
2881,NA,,"ieee transactions on circuits and systems. i, regular papers (print)",
2882,NA,,computer,
2883,NA,,computer,
2884,NA,,international journal of high performance systems architecture,
2885,NA,,NA,
2886,NA,,NA,
2887,NA,,NA,
2888,NA,,NA,
2889,simposio em sistemas computacionais de alto desempenho,,NA,
2890,simposio em sistemas computacionais de alto desempenho,,NA,
2891,international symposium on computer architecture,,computer,
2892,simposio em sistemas computacionais de alto desempenho,,NA,
2893,NA,,NA,
2894,international symposium on computer architecture,,computer,
2895,workshop on applications for multi-core architectures,,computer,
2896,ieee international system-on-chip conference,,NA,
2897,simposio em sistemas computacionais de alto desempenho,,NA,
2898,NA,,NA,
2899,ieee frontiers in education conference,,computer,
2900,ieee frontiers in education conference,,computer,
2901,simposio em sistemas computacionais de alto desempenho,,NA,
2902,NA,,NA,
2903,NA,,NA,
2904,NA,,NA,
2905,NA,,NA,
2906,NA,,computer,
2907,simposio brasileiro de pesquisa operacional,,NA,
2908,international conference on industry applications,,NA,
2909,brazilian symposium on programming languages,,NA,
2910,NA,,NA,
2911,NA,,NA,
2912,NA,,NA,
2913,brazilian symposium on programming languages,,NA,
2914,simposio brasileiro de pesquisa operacional,,NA,
2915,NA,,NA,
2916,NA,,NA,
2917,simposio brasileiro de pesquisa operacional,,NA,
2918,NA,,NA,
2919,international workshop,,NA,
2920,NA,,NA,
2921,international conference on parallel and distributed processing techniques and applications,,NA,
2922,NA,,NA,
2923,NA,,NA,
2924,NA,,performance evaluation,
2925,NA,,NA,
2926,simposio brasileiro de pesquisa operacional,,NA,
2927,NA,,NA,
2928,NA,,NA,
2929,NA,,NA,
2930,NA,,NA,
2931,NA,,NA,
2932,NA,,NA,
2933,NA,,NA,
2934,NA,,NA,
2935,NA,,NA,
2936,NA,,NA,
2937,NA,,NA,
2938,NA,,letronica,
2939,NA,,statistical methodology,
2940,NA,,NA,
2941,NA,,NA,
2942,NA,,NA,
2943,NA,,NA,
2944,NA,,NA,
2945,NA,,NA,
2946,NA,,NA,
2947,NA,,NA,
2948,NA,,NA,
2949,NA,,NA,
2950,NA,,NA,
2951,NA,,NA,
2952,NA,,NA,
2953,NA,,NA,
2954,NA,,NA,
2955,NA,,NA,
2956,NA,,NA,
2957,NA,,NA,
2958,NA,,NA,
2959,NA,,NA,
2960,"ieee international conference on electronics, circuits and systems",,NA,
2961,NA,,NA,
2962,NA,,NA,
2963,NA,,NA,
2964,NA,,NA,
2965,NA,,NA,
2966,NA,,NA,
2967,NA,,NA,
2968,NA,,NA,
2969,NA,,NA,
2970,NA,,NA,
2971,NA,,NA,
2972,NA,,NA,
2973,NA,,NA,
2974,NA,,NA,
2975,NA,,data,
2976,NA,,data,
2977,NA,,data,
2978,NA,,data,
2979,NA,,data,
2980,NA,,data,
2981,NA,,letronica,
2982,NA,,top,
2983,NA,,participacao,
2984,NA,,participacao,
2985,NA,,participacao,
2986,NA,,participacao,
2987,NA,,participacao,
2988,NA,,participacao,
2989,NA,,participacao,
2990,NA,,participacao,
2991,NA,,participacao,
2992,NA,,participacao,
2993,NA,,participacao,
2994,NA,,participacao,
2995,NA,,participacao,
2996,NA,,participacao,
2997,NA,,participacao,
2998,NA,,participacao,
2999,NA,,participacao,
3000,NA,,participacao,
3001,NA,,participacao,
3002,NA,,participacao,
3003,NA,,participacao,
3004,NA,,participacao,
3005,NA,,participacao,
3006,NA,,participacao,
3007,NA,,participacao,
3008,NA,,participacao,
3009,NA,,participacao,
3010,NA,,participacao,
3011,NA,,participacao,
3012,NA,,participacao,
3013,NA,,participacao,
3014,NA,,participacao,
3015,NA,,NA,
3016,NA,,letronica,
3017,NA,,NA,
3018,NA,,NA,
3019,NA,,NA,
3020,NA,,NA,
3021,NA,,NA,
3022,NA,,NA,
3023,NA,,NA,
3024,NA,,NA,
3025,ieee international system-on-chip conference,,NA,
3026,ieee international symposium on rapid system prototyping,,NA,
3027,NA,,NA,
3028,NA,,NA,
3029,NA,,NA,
3030,international conference on industry applications,,NA,
3031,NA,,NA,
3032,NA,,NA,
3033,NA,,NA,
3034,NA,,NA,
3035,NA,,NA,
3036,international symposium on computer architecture,,computer,
3037,NA,,NA,
3038,NA,,NA,
3039,simposio brasileiro de pesquisa operacional,,NA,
3040,NA,,NA,
3041,international symposium on computer architecture,,computer,
3042,NA,,NA,
3043,NA,,NA,
3044,NA,,NA,
3045,international workshop,,NA,
3046,NA,,NA,
3047,NA,,inteligencia artificial,
3048,NA,,NA,
3049,NA,,NA,
3050,NA,,NA,
3051,NA,,NA,
3052,NA,,NA,
3053,NA,,NA,
3054,NA,,NA,
3055,NA,,NA,
3056,NA,,NA,
3057,NA,,NA,
3058,NA,,NA,
3059,NA,,NA,
3060,international symposium on computer architecture,,computer,
3061,NA,,NA,
3062,NA,,NA,
3063,NA,,NA,
3064,NA,,NA,
3065,NA,,NA,
3066,NA,,NA,
3067,NA,,NA,
3068,NA,,NA,
3069,NA,,NA,
3070,NA,,NA,
3071,NA,,NA,
3072,NA,,NA,
3073,NA,,NA,
3074,NA,,NA,
3075,NA,,NA,
3076,NA,,NA,
3077,NA,,NA,
3078,NA,,NA,
3079,NA,,NA,
3080,NA,,NA,
3081,NA,,NA,
3082,NA,,NA,
3083,NA,,NA,
3084,NA,,NA,
3085,NA,,NA,
3086,NA,,NA,
3087,NA,,NA,
3088,NA,,NA,
3089,NA,,NA,
3090,NA,,NA,
3091,NA,,NA,
3092,NA,,NA,
3093,NA,,NA,
3094,NA,,NA,
3095,NA,,NA,
3096,NA,,NA,
3097,NA,,NA,
3098,NA,,NA,
3099,NA,,NA,
3100,NA,,NA,
3101,NA,,NA,
3102,NA,,NA,
3103,NA,,NA,
3104,NA,,NA,
3105,NA,,NA,
3106,NA,,NA,
3107,NA,,NA,
3108,NA,,NA,
3109,NA,,NA,
3110,NA,,NA,
3111,NA,,NA,
3112,NA,,NA,
3113,NA,,NA,
3114,NA,,NA,
3115,NA,,NA,
3116,NA,,NA,
3117,NA,,NA,
3118,NA,,NA,
3119,NA,,NA,
3120,NA,,NA,
3121,NA,,NA,
3122,NA,,NA,
3123,NA,,letronica,
3124,NA,,NA,
3125,NA,,NA,
3126,NA,,NA,
3127,NA,,NA,
3128,NA,,NA,
3129,NA,,NA,
3130,NA,,NA,
3131,NA,,NA,
3132,NA,,NA,
3133,NA,,NA,
3134,NA,,NA,
3135,NA,,NA,
3136,NA,,NA,
3137,NA,,NA,
3138,NA,,NA,
3139,NA,,letronica,
3140,NA,,letronica,
3141,NA,,letronica,
3142,NA,,NA,
3143,NA,,NA,
3144,NA,,NA,
3145,NA,,NA,
3146,NA,,NA,
3147,NA,,data,
3148,NA,,data,
3149,NA,,data,
3150,NA,,data,
3151,NA,,data,
3152,NA,,data,
3153,NA,,letronica,
3154,NA,,NA,
3155,NA,,top,
3156,NA,,NA,
3157,NA,,NA,
3158,NA,,NA,
3159,NA,,NA,
3160,NA,,NA,
3161,NA,,computer,
3162,NA,,international journal of agricultural and environmental information systems,
3163,NA,,international journal of agricultural and environmental information systems,
3164,NA,,revista brasileira de biometria,
3165,NA,,revista eletronica de iniciacao cientifica,
3166,NA,,journal of parallel and distributed computing,
3167,NA,,computer,
3168,NA,,design automation for embedded systems,
3169,NA,,"ieee transactions on circuits and systems. i, regular papers (print)",
3170,NA,,computer,
3171,NA,,computer,
3172,NA,,international journal of high performance systems architecture,
3173,NA,,NA,
3174,NA,,NA,
3175,NA,,NA,
3176,NA,,NA,
3177,simposio em sistemas computacionais de alto desempenho,,NA,
3178,simposio em sistemas computacionais de alto desempenho,,NA,
3179,international symposium on computer architecture,,computer,
3180,simposio em sistemas computacionais de alto desempenho,,NA,
3181,NA,,NA,
3182,international symposium on computer architecture,,computer,
3183,workshop on applications for multi-core architectures,,computer,
3184,ieee international system-on-chip conference,,NA,
3185,simposio em sistemas computacionais de alto desempenho,,NA,
3186,NA,,NA,
3187,ieee frontiers in education conference,,computer,
3188,ieee frontiers in education conference,,computer,
3189,simposio em sistemas computacionais de alto desempenho,,NA,
3190,NA,,NA,
3191,NA,,NA,
3192,NA,,NA,
3193,NA,,NA,
3194,NA,,computer,
3195,simposio brasileiro de pesquisa operacional,,NA,
3196,international conference on industry applications,,NA,
3197,brazilian symposium on programming languages,,NA,
3198,NA,,NA,
3199,NA,,NA,
3200,NA,,NA,
3201,brazilian symposium on programming languages,,NA,
3202,simposio brasileiro de pesquisa operacional,,NA,
3203,NA,,NA,
3204,NA,,NA,
3205,simposio brasileiro de pesquisa operacional,,NA,
3206,NA,,NA,
3207,international workshop,,NA,
3208,NA,,NA,
3209,international conference on parallel and distributed processing techniques and applications,,NA,
3210,NA,,NA,
3211,NA,,NA,
3212,NA,,performance evaluation,
3213,NA,,NA,
3214,simposio brasileiro de pesquisa operacional,,NA,
3215,NA,,NA,
3216,NA,,NA,
3217,NA,,NA,
3218,NA,,NA,
3219,NA,,NA,
3220,NA,,NA,
3221,NA,,NA,
3222,NA,,NA,
3223,NA,,NA,
3224,NA,,NA,
3225,NA,,NA,
3226,NA,,letronica,
3227,NA,,statistical methodology,
3228,NA,,NA,
3229,NA,,NA,
3230,NA,,NA,
3231,NA,,NA,
3232,NA,,NA,
3233,NA,,NA,
3234,NA,,NA,
3235,NA,,NA,
3236,NA,,NA,
3237,NA,,NA,
3238,NA,,NA,
3239,NA,,NA,
3240,NA,,NA,
3241,NA,,NA,
3242,NA,,NA,
3243,NA,,NA,
3244,NA,,NA,
3245,NA,,NA,
3246,NA,,NA,
3247,NA,,NA,
3248,"ieee international conference on electronics, circuits and systems",,NA,
3249,NA,,NA,
3250,NA,,NA,
3251,NA,,NA,
3252,NA,,NA,
3253,NA,,NA,
3254,NA,,NA,
3255,NA,,NA,
3256,NA,,NA,
3257,NA,,NA,
3258,NA,,NA,
3259,NA,,NA,
3260,NA,,NA,
3261,NA,,NA,
3262,NA,,NA,
3263,NA,,data,
3264,NA,,data,
3265,NA,,data,
3266,NA,,data,
3267,NA,,data,
3268,NA,,data,
3269,NA,,letronica,
3270,NA,,top,
3271,NA,,participacao,
3272,NA,,participacao,
3273,NA,,participacao,
3274,NA,,participacao,
3275,NA,,participacao,
3276,NA,,participacao,
3277,NA,,participacao,
3278,NA,,participacao,
3279,NA,,participacao,
3280,NA,,participacao,
3281,NA,,participacao,
3282,NA,,participacao,
3283,NA,,participacao,
3284,NA,,participacao,
3285,NA,,participacao,
3286,NA,,participacao,
3287,NA,,participacao,
3288,NA,,participacao,
3289,NA,,participacao,
3290,NA,,participacao,
3291,NA,,participacao,
3292,NA,,participacao,
3293,NA,,participacao,
3294,NA,,participacao,
3295,NA,,participacao,
3296,NA,,participacao,
3297,NA,,participacao,
3298,NA,,participacao,
3299,NA,,participacao,
3300,NA,,participacao,
3301,NA,,participacao,
3302,NA,,participacao,
3303,NA,,NA,
3304,NA,,letronica,
3305,NA,,NA,
3306,NA,,NA,
3307,NA,,NA,
3308,NA,,NA,
3309,NA,,NA,
3310,NA,,NA,
3311,NA,,NA,
3312,NA,,NA,
3313,ieee international system-on-chip conference,,NA,
3314,ieee international symposium on rapid system prototyping,,NA,
3315,NA,,NA,
3316,NA,,NA,
3317,NA,,NA,
3318,international conference on industry applications,,NA,
3319,NA,,NA,
3320,NA,,NA,
3321,NA,,NA,
3322,NA,,NA,
3323,NA,,NA,
3324,international symposium on computer architecture,,computer,
3325,NA,,NA,
3326,NA,,NA,
3327,simposio brasileiro de pesquisa operacional,,NA,
3328,NA,,NA,
3329,international symposium on computer architecture,,computer,
3330,NA,,NA,
3331,NA,,NA,
3332,NA,,NA,
3333,international workshop,,NA,
3334,NA,,NA,
3335,NA,,inteligencia artificial,
3336,NA,,NA,
3337,NA,,NA,
3338,NA,,NA,
3339,NA,,NA,
3340,NA,,NA,
3341,NA,,NA,
3342,NA,,NA,
3343,NA,,NA,
3344,NA,,NA,
3345,NA,,NA,
3346,NA,,NA,
3347,NA,,NA,
3348,international symposium on computer architecture,,computer,
3349,NA,,NA,
3350,NA,,NA,
3351,NA,,NA,
3352,NA,,NA,
3353,NA,,NA,
3354,NA,,NA,
3355,NA,,NA,
3356,NA,,NA,
3357,NA,,NA,
3358,NA,,NA,
3359,NA,,NA,
3360,NA,,NA,
3361,NA,,NA,
3362,NA,,NA,
3363,NA,,NA,
3364,NA,,NA,
3365,NA,,NA,
3366,NA,,NA,
3367,NA,,NA,
3368,NA,,NA,
3369,NA,,NA,
3370,NA,,NA,
3371,NA,,NA,
3372,NA,,NA,
3373,NA,,NA,
3374,NA,,NA,
3375,NA,,NA,
3376,NA,,NA,
3377,NA,,NA,
3378,NA,,NA,
3379,NA,,NA,
3380,NA,,NA,
3381,NA,,NA,
3382,NA,,NA,
3383,NA,,NA,
3384,NA,,NA,
3385,NA,,NA,
3386,NA,,NA,
3387,NA,,NA,
3388,NA,,NA,
3389,NA,,NA,
3390,NA,,NA,
3391,NA,,NA,
3392,NA,,NA,
3393,NA,,NA,
3394,NA,,NA,
3395,NA,,NA,
3396,NA,,NA,
3397,NA,,NA,
3398,NA,,NA,
3399,NA,,NA,
3400,NA,,NA,
3401,NA,,NA,
3402,NA,,NA,
3403,NA,,NA,
3404,NA,,NA,
3405,NA,,NA,
3406,NA,,NA,
3407,NA,,NA,
3408,NA,,NA,
3409,NA,,NA,
3410,NA,,NA,
3411,NA,,letronica,
3412,NA,,NA,
3413,NA,,NA,
3414,NA,,NA,
3415,NA,,NA,
3416,NA,,NA,
3417,NA,,NA,
3418,NA,,NA,
3419,NA,,NA,
3420,NA,,NA,
3421,NA,,NA,
3422,NA,,NA,
3423,NA,,NA,
3424,NA,,NA,
3425,NA,,NA,
3426,NA,,NA,
3427,NA,,letronica,
3428,NA,,letronica,
3429,NA,,letronica,
3430,NA,,NA,
3431,NA,,NA,
3432,NA,,NA,
3433,NA,,NA,
3434,NA,,NA,
3435,NA,,data,
3436,NA,,data,
3437,NA,,data,
3438,NA,,data,
3439,NA,,data,
3440,NA,,data,
3441,NA,,letronica,
3442,NA,,NA,
3443,NA,,top,
3444,NA,,NA,
3445,NA,,NA,
3446,NA,,NA,
3447,NA,,NA,
3448,NA,,NA,
3449,NA,,international journal of high performance systems architecture,
3450,NA,,international journal of agricultural and environmental information systems,
3451,NA,,international journal of agricultural and environmental information systems,
3452,NA,,revista brasileira de biometria,
3453,NA,,revista eletronica de iniciacao cientifica,
3454,NA,,journal of parallel and distributed computing,
3455,NA,,computer,
3456,NA,,design automation for embedded systems,
3457,NA,,"ieee transactions on circuits and systems. i, regular papers (print)",
3458,NA,,computer,
3459,NA,,computer,
3460,NA,,international journal of high performance systems architecture,
3461,NA,,NA,
3462,NA,,NA,
3463,NA,,NA,
3464,NA,,NA,
3465,simposio em sistemas computacionais de alto desempenho,,NA,
3466,simposio em sistemas computacionais de alto desempenho,,NA,
3467,international symposium on computer architecture,,computer,
3468,simposio em sistemas computacionais de alto desempenho,,NA,
3469,NA,,NA,
3470,international symposium on computer architecture,,computer,
3471,workshop on applications for multi-core architectures,,computer,
3472,ieee international system-on-chip conference,,NA,
3473,simposio em sistemas computacionais de alto desempenho,,NA,
3474,NA,,NA,
3475,ieee frontiers in education conference,,computer,
3476,ieee frontiers in education conference,,computer,
3477,simposio em sistemas computacionais de alto desempenho,,NA,
3478,NA,,NA,
3479,NA,,NA,
3480,NA,,NA,
3481,NA,,NA,
3482,NA,,computer,
3483,simposio brasileiro de pesquisa operacional,,NA,
3484,international conference on industry applications,,NA,
3485,brazilian symposium on programming languages,,NA,
3486,NA,,NA,
3487,NA,,NA,
3488,NA,,NA,
3489,brazilian symposium on programming languages,,NA,
3490,simposio brasileiro de pesquisa operacional,,NA,
3491,NA,,NA,
3492,NA,,NA,
3493,simposio brasileiro de pesquisa operacional,,NA,
3494,NA,,NA,
3495,international workshop,,NA,
3496,NA,,NA,
3497,international conference on parallel and distributed processing techniques and applications,,NA,
3498,NA,,NA,
3499,NA,,NA,
3500,NA,,performance evaluation,
3501,NA,,NA,
3502,simposio brasileiro de pesquisa operacional,,NA,
3503,NA,,NA,
3504,NA,,NA,
3505,NA,,NA,
3506,NA,,NA,
3507,NA,,NA,
3508,NA,,NA,
3509,NA,,NA,
3510,NA,,NA,
3511,NA,,NA,
3512,NA,,NA,
3513,NA,,NA,
3514,NA,,letronica,
3515,NA,,statistical methodology,
3516,NA,,NA,
3517,NA,,NA,
3518,NA,,NA,
3519,NA,,NA,
3520,NA,,NA,
3521,NA,,NA,
3522,NA,,NA,
3523,NA,,NA,
3524,NA,,NA,
3525,NA,,NA,
3526,NA,,NA,
3527,NA,,NA,
3528,NA,,NA,
3529,NA,,NA,
3530,NA,,NA,
3531,NA,,NA,
3532,NA,,NA,
3533,NA,,NA,
3534,NA,,NA,
3535,NA,,NA,
3536,"ieee international conference on electronics, circuits and systems",,NA,
3537,NA,,NA,
3538,NA,,NA,
3539,NA,,NA,
3540,NA,,NA,
3541,NA,,NA,
3542,NA,,NA,
3543,NA,,NA,
3544,NA,,NA,
3545,NA,,NA,
3546,NA,,NA,
3547,NA,,NA,
3548,NA,,NA,
3549,NA,,NA,
3550,NA,,NA,
3551,NA,,data,
3552,NA,,data,
3553,NA,,data,
3554,NA,,data,
3555,NA,,data,
3556,NA,,data,
3557,NA,,letronica,
3558,NA,,top,
3559,NA,,participacao,
3560,NA,,participacao,
3561,NA,,participacao,
3562,NA,,participacao,
3563,NA,,participacao,
3564,NA,,participacao,
3565,NA,,participacao,
3566,NA,,participacao,
3567,NA,,participacao,
3568,NA,,participacao,
3569,NA,,participacao,
3570,NA,,participacao,
3571,NA,,participacao,
3572,NA,,participacao,
3573,NA,,participacao,
3574,NA,,participacao,
3575,NA,,participacao,
3576,NA,,participacao,
3577,NA,,participacao,
3578,NA,,participacao,
3579,NA,,participacao,
3580,NA,,participacao,
3581,NA,,participacao,
3582,NA,,participacao,
3583,NA,,participacao,
3584,NA,,participacao,
3585,NA,,participacao,
3586,NA,,participacao,
3587,NA,,participacao,
3588,NA,,participacao,
3589,NA,,participacao,
3590,NA,,participacao,
3591,NA,,NA,
3592,NA,,letronica,
3593,NA,,NA,
3594,NA,,NA,
3595,NA,,NA,
3596,NA,,NA,
3597,NA,,NA,
3598,NA,,NA,
3599,NA,,NA,
3600,NA,,NA,
3601,ieee international system-on-chip conference,,NA,
3602,ieee international symposium on rapid system prototyping,,NA,
3603,NA,,NA,
3604,NA,,NA,
3605,NA,,NA,
3606,international conference on industry applications,,NA,
3607,NA,,NA,
3608,NA,,NA,
3609,NA,,NA,
3610,NA,,NA,
3611,NA,,NA,
3612,international symposium on computer architecture,,computer,
3613,NA,,NA,
3614,NA,,NA,
3615,simposio brasileiro de pesquisa operacional,,NA,
3616,NA,,NA,
3617,international symposium on computer architecture,,computer,
3618,NA,,NA,
3619,NA,,NA,
3620,NA,,NA,
3621,international workshop,,NA,
3622,NA,,NA,
3623,NA,,inteligencia artificial,
3624,NA,,NA,
3625,NA,,NA,
3626,NA,,NA,
3627,NA,,NA,
3628,NA,,NA,
3629,NA,,NA,
3630,NA,,NA,
3631,NA,,NA,
3632,NA,,NA,
3633,NA,,NA,
3634,NA,,NA,
3635,NA,,NA,
3636,international symposium on computer architecture,,computer,
3637,NA,,NA,
3638,NA,,NA,
3639,NA,,NA,
3640,NA,,NA,
3641,NA,,NA,
3642,NA,,NA,
3643,NA,,NA,
3644,NA,,NA,
3645,NA,,NA,
3646,NA,,NA,
3647,NA,,NA,
3648,NA,,NA,
3649,NA,,NA,
3650,NA,,NA,
3651,NA,,NA,
3652,NA,,NA,
3653,NA,,NA,
3654,NA,,NA,
3655,NA,,NA,
3656,NA,,NA,
3657,NA,,NA,
3658,NA,,NA,
3659,NA,,NA,
3660,NA,,NA,
3661,NA,,NA,
3662,NA,,NA,
3663,NA,,NA,
3664,NA,,NA,
3665,NA,,NA,
3666,NA,,NA,
3667,NA,,NA,
3668,NA,,NA,
3669,NA,,NA,
3670,NA,,NA,
3671,NA,,NA,
3672,NA,,NA,
3673,NA,,NA,
3674,NA,,NA,
3675,NA,,NA,
3676,NA,,NA,
3677,NA,,NA,
3678,NA,,NA,
3679,NA,,NA,
3680,NA,,NA,
3681,NA,,NA,
3682,NA,,NA,
3683,NA,,NA,
3684,NA,,NA,
3685,NA,,NA,
3686,NA,,NA,
3687,NA,,NA,
3688,NA,,NA,
3689,NA,,NA,
3690,NA,,NA,
3691,NA,,NA,
3692,NA,,NA,
3693,NA,,NA,
3694,NA,,NA,
3695,NA,,NA,
3696,NA,,NA,
3697,NA,,NA,
3698,NA,,NA,
3699,NA,,letronica,
3700,NA,,NA,
3701,NA,,NA,
3702,NA,,NA,
3703,NA,,NA,
3704,NA,,NA,
3705,NA,,NA,
3706,NA,,NA,
3707,NA,,NA,
3708,NA,,NA,
3709,NA,,NA,
3710,NA,,NA,
3711,NA,,NA,
3712,NA,,NA,
3713,NA,,NA,
3714,NA,,NA,
3715,NA,,letronica,
3716,NA,,letronica,
3717,NA,,letronica,
3718,NA,,NA,
3719,NA,,NA,
3720,NA,,NA,
3721,NA,,NA,
3722,NA,,NA,
3723,NA,,data,
3724,NA,,data,
3725,NA,,data,
3726,NA,,data,
3727,NA,,data,
3728,NA,,data,
3729,NA,,letronica,
3730,NA,,NA,
3731,NA,,top,
3732,NA,,NA,
3733,NA,,NA,
3734,NA,,NA,
3735,NA,,NA,
3736,NA,,NA,
