,evento,ano,qualis,categoria
0,1o Simpósio de Geotecnologias no Pantanal,2006,-,conferencia
1,Applied Power Electronics Conference,2007,-,conferencia
2,Power Electronics Specialist Conference,2007,-,conferencia
3,12th European Conference on Power Electronics and Applications,2007,-,conferencia
4,XVI Congresso Brasileiro de Automática,2006,-,conferencia
5,18th International World Wide Web Conference,2009,-,conferencia
6,"2nd Brazilian Symposium on Graphs, Algorithms, and Combinatorics",,-,conferencia
7,4th International Workshop on Efficient and Experimental Algorithms,2005,-,conferencia
8,Seminário de Tecnologia da Informação Aplicada,2008,-,conferencia
9,7th Brazilian Symposium in Information and Human Language Technology,2009,-,conferencia
10,International Conference on Computational Processing of the Portuguese Language,2010,-,conferencia
11,Eleventh International Conference on Computational Linguistics and Intelligent Text Processing,2010,-,conferencia
12,Fourteenth Conference on Computational Natural Language Learning,2010,-,conferencia
13,European Conference on Machine Learning and Principles and Practice of Knowledge Discovery in Databases,2011,-,conferencia
14,Joint Conference on Empirical Methods in Natural Language Processing and Computational Natural Language Learning,2012,-,conferencia
15,Computational Processing of the Portuguese Language,2012,-,conferencia
16,International Conference on Computational Processing of Portuguese - PhD Dissertation Contest,2014,-,conferencia
17,Brazilian Conference on Intelligent Systems,2014,-,conferencia
18,IEEE International Joint Conference on Neural Networks,2017,-,conferencia
19,Brazilian Conference on Intelligent Systems,2017,-,conferencia
20,XIII Brazilian Congress on Computational Intelligence,2017,-,conferencia
21,2019 8th Brazilian Conference on Intelligent Systems (BRACIS),2019,-,conferencia
22,IEEE International Conference on Tools with Artificial Intelligence,2019,-,conferencia
23,ACM Symposium on Applied Computing,2020,-,conferencia
24,Big Data Analytics in the Social and Ubiquitous Context,2016,-,conferencia
25,Working Conference on Mining Software Repositories,2020,-,conferencia
26,Brazilian Conference on Intelligent System,2020,-,conferencia
27,"IX Seminário de Ensino, Pesquisa e Extensão - SEPE e III Encontro de Iniciação Científica - EIC",1994,-,conferencia
28,I SRTF - I Simpósio Regional de Tolerância a Falhas,1996,-,conferencia
29,15 Simpósio Brasileiro de Redes de Computadores,1997,-,conferencia
30,DOA ´01 - 3rd International Symposium on Distributed Objects and Applications,2001,-,conferencia
31,FTDCS´2001 - 8th IEEE Workshop on Future Trends of Distributed Computing Systems,2001,-,conferencia
32,The Sixth International Symposium on Autonomous Decentralized Systems,2003,-,conferencia
33,International Symposium on Distributed Objects & Applications,2002,-,conferencia
34,I Mostra UNIDERP de Ciência e Tecnologia,1999,-,conferencia
35,The 18th International Conference on Advanced Information Networking and Applications (AINA 2004),2004,-,conferencia
36,Workshop de Tolerância a Falhas (WTF 2009),2009,-,conferencia
37,XI Congresso Brasileiro de Agroinformática (SBIAgro 2017),2017,-,conferencia
38,VII SCTF - Simpósio de Computadores Tolerantes a Falhas,1997,-,conferencia
39,2º SEMANA EDUCACIONAL,2003,-,conferencia
40,"VII Workshop de Teses, Dissertações e Trabalhos de Iniciação Científica",2012,-,conferencia
41,2012 IEEE Latin America Conference on Cloud Computing and Communications (LatinCloud),,-,conferencia
42,Simpósio Brasileiro em Segurança da Informação e de Sistemas Computacionais (SBSeg),2014,-,conferencia
43,ACM 7th International conference on Management of computational and collective Intelligence in Digital EcoSystems (MEDES?15),2015,-,conferencia
44,6th IEEE Latin-American Conference on Communications (LATINCOM),2014,-,conferencia
45,IEEE/ACM Third International Workshop on Global and Peer-to-Peer Computing on Large Scale Distributed Systems,2003,-,conferencia
46,IEEE Global Telecommunications Conference (Globecom 2003),2003,-,conferencia
47,IEEE Tenth International Conference on Parallel and Distributed Systems,2004,-,conferencia
48,IEEE/ACM/IFIP International Conference on HIgh Performance Computing,2004,-,conferencia
49,The Fifth IEEE International Conference on Peer-to-Peer Computing,2005,-,conferencia
50,IEEE 39th Annual Hawaii International Conference on System Sciences (HICSS 2006),2006,-,conferencia
51,9th International Workshop on Peer-to-Peer Systems (IPTPS'10),2010,-,conferencia
52,XVIII Simpósio Brasileiro de Redes de Computadores e Sistemas Distribuídos (SBRC'10),2010,-,conferencia
53,XXIX Concurso de Teses e Dissertações da Sociedade Brasileira de Computação  (CTD),2011,-,conferencia
54,XXXI Simpósio Brasileiro de Redes de Computadores e Sistemas Distribuídos (SBRC'13),2013,-,conferencia
55,XXXIII Simpósio Brasileiro de Redes de Computadores e Sistemas Distribuídos (SBRC'15),2015,-,conferencia
56,the Conference of the ACM Special Interest Group,2017,-,conferencia
57,the ACM SIGCOMM 2018 Conference,2018,-,conferencia
58,XXXVII Simpósio Brasileiro de Redes de Computadores e Sistemas Distribuídos,2019,-,conferencia
59,the ACM SIGCOMM 2019 Conference Posters and Demos,2019,-,conferencia
60,the 15th International Conference,2019,-,conferencia
61,IFIP Networking Conference (NETWORKING),2020,-,conferencia
62,USENIX Annual Technical Conference 2021 (USENIX ATC'21),2021,-,conferencia
63,the Afternoon Workshop,2018,-,conferencia
64,IV Simpósio Brasileiro de Sistemas Multimídia e Hipermídia,1998,-,conferencia
65,"IX International ACM Conference on Hypertext and Hypermedia, Hypertext?98",1998,-,conferencia
66,"VIII International ACM Conference on Hypertext and Hypermedia, Hypertext?97",1997,-,conferencia
67,II Encontro para o Processamento Computacional do Português Escrito e Falado,1996,-,conferencia
68,Workshop de pesquisas de tese em Engenharia de Software,1996,-,conferencia
69,International Symposium on Mathematics/Science Education and Technology,1994,-,conferencia
70,IV Simpósio Brasileiro de Informática na Educação,1993,-,conferencia
71,VII Annual Conference on Writing and Computers,1995,-,conferencia
72,Semana Comemorativa dos 20 anos da Pós-Graduação em Ciências da Computação e Matemática Computacional do ICMSC-USP,1995,-,conferencia
73,IX Conferencia Interamericana de Educación Matemaática,1995,-,conferencia
74,"II Workshop em Sistemas Hipermídia, WOSH'96",1996,-,conferencia
75,II CIT,1995,-,conferencia
76,XX Colóquio de Incentivo a Pesquisa,1993,-,conferencia
77,XIX Colóquio de Incentivo a Pesquisa,1992,-,conferencia
78,ICECE2000 - International Conference on Engineering and Computer Education,2000,-,conferencia
79,WISE'99- Workshop Internacional Sobre Educação Virtual,1999,-,conferencia
80,SUCESU 2004 - CONGRESSO NACIONAL DE TECNOLOGIA DA INFORMAÇÃO E COMUNICAÇÃO,2004,-,conferencia
81,"WWW/Internet 2007, IADIS International Conference WWW/Internet",2003,-,conferencia
82,3o Congresso Nacional de Iniciação Científica,2003,-,conferencia
83,Conferência IADIS IBERO-AMERICANA WWW/Internet 2004,2004,-,conferencia
84,"WWW/Internet 2004, IADIS International Conference WWW/Internet",2004,-,conferencia
85,Conferência IADIS Ibero-Americana WWW/Internet 2004,2004,-,conferencia
86,IV Evento Interno de Iniciação Científica da UFMS,2004,-,conferencia
87,IV Encontro Interno de Iniciação Científica da UFMS,2004,-,conferencia
88,Congresso Ibero-americano de Extensão Universitária / Congreso Iberoamericano de Extensión Universitaria,2005,-,conferencia
89,XI Simpósio Brasileiro de Sistemas Multimídia e Web,2005,-,conferencia
90,WebMedia - Brazilian Symposium on Multimedia and the Web,2005,-,conferencia
91,XXXII Conferencia Lationoamericana de Informática,2006,-,conferencia
92,International Conference On Engineering And Computer Education,2007,-,conferencia
93,I Conferência Internacional & II Seminário Regional de Educação Profissional e Tecnológica,2007,-,conferencia
94,"WWW/Internet 2006, IADIS International Conference WWW/Internet",2006,-,conferencia
95,"WWW/Internet 2007, IADIS International Conference WWW/Internet",2007,-,conferencia
96,SEMISH - XXXIII Seminário Integrado de Software e Hardware,2006,-,conferencia
97,VIII Congresso Ibero-americano de Extensão Universitária,2005,-,conferencia
98,3o Congresso Brasileiro de Extensão Universitária,2006,-,conferencia
99,WTD - Workshop de Teses e Dissertações do Webmedia?2005 - Simpósio Brasileiro de Sistemas Multimídia e Web,2005,-,conferencia
100,"6th ACIS International Conference on Software Engineering Research, Management and Applications",2008,-,conferencia
101,Proceedings of the 26th annual ACM international conference on Design of communication,2008,-,conferencia
102,Annual Joint Conference Integrating Technology into Computer Science Education,2007,-,conferencia
103,XXXVII Seminário Integrado de Software e Hardware - XXX Congresso da Sociedade Brasileira de Computação,2010,-,conferencia
104,CLEI 2006 - XXXII Conferencia Lationoamericana de Informática,2006,-,conferencia
105,XXXVI Conferência Latino-americana de Informática (XXXVI CLEI),2010,-,conferencia
106,WebMedia - Brazilian Symposium on Multimedia and the Web,2010,-,conferencia
107,WebMedia - Brazilian Symposium on Multimedia and the Web,2006,-,conferencia
108,7o Congresso Brasileiro de Agroinformática,2009,-,conferencia
109,Simpósio Brasileiro de Sistemas de Informação,2011,-,conferencia
110,Simpósio Brasileiro de Sistemas de Informação,2015,-,conferencia
111,Simpósio Brasileiro de Qualidade de Software,2014,-,conferencia
112,9th Latin American Web Congress (LAWEB),2014,-,conferencia
113,X Workshop de Manutenção de Software Moderna (WMSWM 2013) em conjunto com o XII Simpósio Brasileiro de Qualidade de Software (SBQS 2013),2013,-,conferencia
114,XXV Simpósio Brasileiro de Engenharia de Software,2011,-,conferencia
115,V Simpósio Brasileiro de Sistemas de Informação,2009,-,conferencia
116,Second Workshop of the Brazilian Institute for Web Science Research,2011,-,conferencia
117,17th IEEE International Conference and Workshops on Engineering of Computer-Based Systems,2010,-,conferencia
118,International Conference on Parallel and Distributed Processing Techniques and Applications,2000,-,conferencia
119,Workshop em Paralelismo e Otimização Combinatória,1998,-,conferencia
120,Reunião Especial da SBPC,1995,-,conferencia
121,Reunião Especial de SBPC,1995,-,conferencia
122,XXV Simpósio Brasileiro de Pesquisa Operacional,1993,-,conferencia
123,International Conference on Parallel and Distributed Processing Techniques and Applications,2001,-,conferencia
124,Simpósio Brasileiro de Arquitetura de Computadores - Processamento de Alto Desempenho,1992,-,conferencia
125,Simpósio Brasileiro de Arquitetura de Computadores - Processamento de Alto Desempenho,1993,-,conferencia
126,Conferência Latino Amaricana de Informática,1993,-,conferencia
127,XII Congresso da Sociedade Brasileira de Computação - SEMISH,1992,-,conferencia
128,Latin American Workshop on Cliques of Graphs,2002,-,conferencia
129,ACM Symposium on Parallel Algorithms and Architectures - SPAA'02,2002,-,conferencia
130,14th IASTED International Conference on Parallel and Distributed Computing and Systems,2002,-,conferencia
131,I Brazillian Workshop on Bioinformatics,2002,-,conferencia
132,International Parallel & Distributed Processing Symposium - IPDPS 2003,2003,-,conferencia
133,The 15th Symposium on Computer Architecture and High Performance Computing - SBAC-PAD 2003,2003,-,conferencia
134,Second Brazillian Workshop on Bioinformatics - WOB 2003,2003,-,conferencia
135,EuroPar,2004,-,conferencia
136,The 16th Symposium on Computer Architecture and High Performance Computing - SBAC-PAD 2004,2004,-,conferencia
137,"2nd Brazilian Symposium on Graphs, Algorithms and Combinatorics - GRACO 2005",2005,-,conferencia
138,II Workshop on Computacional Grids and Applications - WCGA 2005,2005,-,conferencia
139,The 2001 International Conference on Computacional Sciece,2001,-,conferencia
140,The 2003 International Conference on Computacional Sciece and Its Applications (ICCSA 2003),2003,-,conferencia
141,10th EuroPVM/MPI 2003,2003,-,conferencia
142,11th EuroPVM/MPI 2004,2004,-,conferencia
143,Simpósio Brasileiro de Jogos para Computador e Entretenimento Digital (SBGames 2005 - WJogos 2005),2005,-,conferencia
144,Euro-Par 2006,2006,-,conferencia
145,"International Conference on Parallel and Distributed Computing and Systems (PDCS 2005),",2005,-,conferencia
146,Workshop em Sistemas Computacionais de Alto Desempenho - WSCAD 2006,2006,-,conferencia
147,Seventh IEEE International Symposium on Cluster Computing and the Grid - CCGrid 2007,2007,-,conferencia
148,"Proc. of the High Performance Computing and Simulation Conference (HPCS 2007),",2007,-,conferencia
149,"International Colloquium on Automata, Languages and Programming - ICALP 97",1997,-,conferencia
150,26th Workshop on Graph Theoretic Concepts in Computer Science,2000,-,conferencia
151,2nd. International Latin American Grid Workshop LAGrid 2008,2008,-,conferencia
152,"10th International Conference on High Performance Computing, Grid and e-Science in Asia Pacific Region",2009,-,conferencia
153,International Conference on High Performance Computing and Simulation - HPCS 2010,2010,-,conferencia
154,Latin American Conference on High Performance Computing (CLCAR 2010),2010,-,conferencia
155,Brazilian Symposium on Bioinformatics,2012,-,conferencia
156,The 41st International Conference on Parallel Processing Workshops,2012,-,conferencia
157,XLVI Simpósio Brasileiro de Pesquisa Operacional,2012,-,conferencia
158,XIV Simpósio em Sistemas Computacionais (WSCAD-SSC),2013,-,conferencia
159,"2014 International Workshop on Programming Models and Applications for Multicores and Manycores, in conjunction with PPoPP '14 ACM SIGPLAN Symposium on Principles and Practice of Parallel Programming",2014,-,conferencia
160,2014 XL Latin American Computing Conference (CLEI),2014,-,conferencia
161,XLVI Simpósio Brasileiro de Pesquisa Operaciona,2014,-,conferencia
162,2014 International Conference on Computational Science,2014,-,conferencia
163,The 15th International Conference on Computational Science and Its Applications (ICCSA 2015),2015,-,conferencia
164,International Conference on Computational Science - ICCS 2015,2015,-,conferencia
165,16th International Conference Computational Science and Its Applications ? ICCSA 2016,2016,-,conferencia
166,2016 28th International Symposium on Computer Architecture and High Performance Computing (SBACPAD),2016,-,conferencia
167,18th International Conference on High Performance Computing and Communications,2016,-,conferencia
168,2017 International Symposium on Computer Architecture and High Performance Computing Workshops (SBACPADW),2017,-,conferencia
169,Simpósio em Sistemas Computacionais de Alto Desempenho - WSCAD 2017,2017,-,conferencia
170,30th International Symposium on Computer Architecture and High Performance Computing,2018,-,conferencia
171,International Conference on Algorithms and Architectures for Parallel Processing (ICA3PP),2007,-,conferencia
172,IEEE International Workshop on Genomic Signal Processing and Statistics,2009,-,conferencia
173,International Conference on Intelligent Systems for Molecular Biology,2006,-,conferencia
174,International Symposium on Bioinformatics Research and Applications,2010,-,conferencia
175,1° Reunião da ABECO e 5° Simpósio de Ecologia Teórica,2016,-,conferencia
176,2018 International Conference on Computer Science and its Applications - ICCSA,2018,-,conferencia
177,2018 International Conference on Computational Sciences and its Applications - ICCSA,2018,-,conferencia
178,2016 IEEE 16th International Conference on Bioinformatics and Bioengineering (BIBE),,-,conferencia
179,VI Encontro de Iniciação Científica (Módulo PIBIC/CNPq: UFG-UFU-UFMS-UCG-UCDB),1996,-,conferencia
180,III SECICOM - Semana de Ciência da Computação,2000,-,conferencia
181,X Seminário Regional de Informática,2000,-,conferencia
182,I WORTEC - Workshop Regional de Tecnologia em Computação,2001,-,conferencia
183,International Conference on Parallel and Distributed Processing Techniques and Applications,2004,-,conferencia
184,X Simpósio de Informática - SIMS 2005,2005,-,conferencia
185,ICANNGA - International Conference on Adaptive and Natural Computing Algorithms,2005,-,conferencia
186,IV Congresso Iberdiscap: Tecnologias de Apoio a Portadores de Deficiência,2006,-,conferencia
187,Workshop de Dissertações de Mestrado em Andamento,2001,-,conferencia
188,Euro PVM/MPI - European Parallel Virtual Machine and Message Passing Interface Conference,2003,-,conferencia
189,I WTA - Workshop de Tecnologia Adaptativa,2007,-,conferencia
190,III COMSULMT - Congresso de Computação do Sul de Mato Grosso,2007,-,conferencia
191,III Workshop de Tecnologia Adaptativa - WTA2009,2009,-,conferencia
192,12o. Congresso Regional de Informática e Telecomunicações de Mato Grosso,2008,-,conferencia
193,"I Feira de Tecnologias, Engenharias e Ciências de Mato Grosso do Sul - FETEC-MS",2011,-,conferencia
194,"Feira de Tecnologia, Engenharia e Ciências de Mato Grosso do Sul (I FETEC-MS)",2011,-,conferencia
195,XIII Sudeste PET,2013,-,conferencia
196,XX Workshop de Informática na Escola (WIE 2014),2014,-,conferencia
197,X Workshop de Visão Computacional (WVC 2014),2014,-,conferencia
198,Conference and Labs of the Evaluation Forum (CLEF 2014),2014,-,conferencia
199,VIII Workshop de Tecnologia Adaptativa (WTA 2014),2014,-,conferencia
200,42o. Seminário Integrado de Software e Hardware (SEMISH 2015),2015,-,conferencia
201,XXI Workshop de Informática na Escola,,-,conferencia
202,XXVI Simpósio Brasileiro de Informática na Educação,,-,conferencia
203,I Concurso Integrado de Desenvolvimento de Soluções de Tecnologia e Objetos de Aprendizagem para a Educação,,-,conferencia
204,Encontro de Extensão Universitária da UFMS (ENEX2014),2015,-,conferencia
205,Encontro de Extensão Universitária da UFMS (ENEX2014),2014,-,conferencia
206,X Congresso Brasileiro de Agroinformática (SBIAGRO 2015),2015,-,conferencia
207,2016 XI Latin American Conference on Learning Objects and Technology (LACLO),2016,-,conferencia
208,Computer on the Beach 2015,2015,-,conferencia
209,Workshops do Congresso Brasileiro de Informática na Educação,2016,-,conferencia
210,XXII Workshop de Informática na Escola,2016,-,conferencia
211,XXIV Ciclo de Palestras sobre Novas Tecnologias na Educação - CINTED 2016,2016,-,conferencia
212,Mostra Nacional de Robótica - MNR,2016,-,conferencia
213,X Workshop de Tecnologia Adaptativa - WTA 2016,2016,-,conferencia
214,XI Workshop de Visão Computacional - WVC 2015,2015,-,conferencia
215,I Encontro Centro-Oeste dos Grupos PET - ECOPET 2014,2014,-,conferencia
216,Computer on the Beach,2019,-,conferencia
217,VIII Workshop de Desafios da Computação Aplicada à Educação - DesafIE,2019,-,conferencia
218,Computer on the Beach,2021,-,conferencia
219,Workshop sobre Educação em Computação,2021,-,conferencia
220,IGARSS 2019 2019 IEEE International Geoscience and Remote Sensing Symposium,2019,-,conferencia
221,ENIAC - Encontro Nacional de Inteligência Artificial e Computacional,2017,-,conferencia
222,Workshop de Tecnologia da Informação e Comunicação das Instituições Federais de Ensino Superior,2017,-,conferencia
223,IV Fórum de Educação em Engenharia de Software/ II Congresso Brasileiro de Software: Teoria e Prática (CBSoft),2011,-,conferencia
224,VII WAMPS - VII Workshop Anual do MPS,2011,-,conferencia
225,XXII SBIE - XXII Simpósio Brasileiro de Informática na Educação,2011,-,conferencia
226,XXIV CIUFLA - XXIV Congresso de Iniciação Científica da UFLA,2011,-,conferencia
227,XI Simpósio Brasileiro de Qualidade de Software,2012,-,conferencia
228,2012 IEEE 13th International Conference on Information Reuse &amp; Integration (IRI),,-,conferencia
229,25th International Conference on Software Engineering and Knowledge Engineering (SEKE),2013,-,conferencia
230,IV Congresso Brasileiro de Software: Teoria e Prática,2013,-,conferencia
231,2016 IEEE International Conference on Software Maintenance and Evolution (ICSME),2016,-,conferencia
232,Workshop on Experimental Software Engineering - CIbSE,2015,-,conferencia
233,"V Workshop on Software Visualization, Evolution and Maintenance (VEM)",2017,-,conferencia
234,12th International Conference on Predictive Models and Data Analytics in Software Engineering,2016,-,conferencia
235,2013 20th Working Conference on Reverse Engineering (WCRE),2013,-,conferencia
236,15th International Conference on Computing,2006,-,conferencia
237,The Eleventh Annual International Computing and Combinatorics Conference (COCOON 2005),2005,-,conferencia
238,"IV Latin-American Algorithms, Graphs and Optimization Symposium",2007,-,conferencia
239,8th Workshop on Algorithms in Bioinformatics (WABI),2008,-,conferencia
240,14th Workshop on Algorithms in Bioinformatics (WABI 2014),2014,-,conferencia
241,9th Brazilian Symposium on Bioinformatics (BSB 2014),2014,-,conferencia
242,"16th Workshop on Algorithms in Bioinformatics (WABI),",2016,-,conferencia
243,Workshop on Algorithms in Bioinformatics,2020,-,conferencia
244,Concurso de Teses e Dissertações da SBC,,-,conferencia
245,32nd International Symposium on Algorithms and Computation (ISAAC 2021),2021,-,conferencia
246,15th RECOMB Comparative Genomics Satellite Conference,2017,-,conferencia
247,XII Encontro de Pesquisa em Ensino de Física,2010,-,conferencia
248,The Third International Society for Computational Biology Latin America X-Meeting on Bioinformatics with BSB and SoiBio (ISCB-Latin America),2014,-,conferencia
249,"8th International Conference on Bioinformatics Models, Methods and Algorithms",2017,-,conferencia
250,Simpósio Brasileiro de Banco de Dados,2002,-,conferencia
251,4a Jornada Científica da Embrapa Gado de Cort,2008,-,conferencia
252,VII Congresso Brasileiro de Agroinformática,2009,-,conferencia
253,XXXVI Conferência Latino-Americana de Informática,2010,-,conferencia
254,Simpósio Brasileiro de Qualidade de Software,,-,conferencia
255,the 24th Brazilian Symposium,2018,-,conferencia
256,Network and Distributed System Security Symposium,2019,-,conferencia
257,WWW &apos;20: The Web Conference 2020,2020,-,conferencia
258,WebMedia &apos;20: Brazillian Symposium on Multimedia and the Web,,-,conferencia
259,Brazilian Workshop on Social Network Analysis and Mining,2021,-,conferencia
260,VI Jornada Científica de Economia e Administração do Centro-Oeste,2008,-,conferencia
261,Congresso SIMAI,2000,-,conferencia
262,Europar'99,1999,-,conferencia
263,SPIE/IS&T Symposium on Electronic Imaging: Science and Technology,1998,-,conferencia
264,Action COST 230 Final Report,1998,-,conferencia
265,"International Conference on Computational Intelligence and Multimedia Applications, ICCIMA'97",1997,-,conferencia
266,"Techical Report, Università Tor Vergata",1997,-,conferencia
267,9as jornadas Científico Técnicas de Ingeniería,1995,-,conferencia
268,Proceedings of the thirteenth IASTED International Conference,1995,-,conferencia
269,"Scientific Report, IBM Scientific Center",1991,-,conferencia
270,"Research Workshop in Seismic Imaging and Parameter Estimation in Heterogeneous Media, Sociedade Brasileira de Geofísica - SBGF.",1990,-,conferencia
271,Instituto Colombiano del Petróleo,1991,-,conferencia
272,III Semana Técnica Internacional de Ingeniería de Petróleos,1991,-,conferencia
273,PDPTA'04 - The 2004 International Conference on Parallel and Distributed Processing Techniques and Applications,2004,-,conferencia
274,Research Workshop in Computer Science. UNAES,2004,-,conferencia
275,ANDESCON 2008,2008,-,conferencia
276,"VIII Conferência Internacional de Aplicações Industriais - INDUSCON,",2008,-,conferencia
277,"5 Congreso de Informática & Sistema de Sudamérica, 2006",2006,-,conferencia
278,5 Congreso de Informática & Sistema de Sudamérica,2006,-,conferencia
279,39th International Symposium on Multiple-Valued Logic,2009,-,conferencia
280,III Congresso Tecnológico InfoBrasil,2009,-,conferencia
281,"XVI Congreso Internacional de Ingeniería Eléctrica, Electrónica y Sistemas",2009,-,conferencia
282,IEEE-Peru intercon2010,2010,-,conferencia
283,Lascas 2011,2011,-,conferencia
284,"International Conference on Industry Applications (INDUSCON), 2012",2012,-,conferencia
285,lascas2019,2019,-,conferencia
286,WorldCist'19,2019,-,conferencia
287,Proceedings of the 2nd. IEEE Workshop on Fault-Tolerant Parallel and Distributed Systems.,1997,-,conferencia
288,PDPTA,2001,-,conferencia
289,WPOC,1998,-,conferencia
290,SBAC-PAD,2003,-,conferencia
291,"V Latin American Algorithms, Graphs, and Optimization Symposium",2007,-,conferencia
292,HPC´12 High Performance Computing Sysposium,2012,-,conferencia
293,2013 IEEE 13th International Conference on Bioinformatics and Bioengineering (BIBE),2013,-,conferencia
294,2015 IEEE 15th International Conference on Bioinformatics and Bioengineering (BIBE),2015,-,conferencia
295,2017 IEEE 17th International Conference on Bioinformatics and Bioengineering (BIBE),2017,-,conferencia
296,"2018 26th Euromicro International Conference on Parallel, Distributed and Networkbased Processing (PDP)",2018,-,conferencia
297,2018 International Conference on Computer Science and its Applications - ICCSA 2018,2018,-,conferencia
298,2019 IEEE 19th International Conference on Bioinformatics and Bioengineering (BIBE),2019,-,conferencia
299,2021 International Conference on Computational Science and Its Applications,2021,-,conferencia
300,International Conference on Parallel and Distributed Processing Techniques and Applications (PDPTA),2015,-,conferencia
301,2015 IEEE 15th International Conference on Bioinformatics and Bioengineering (BIBE),,-,conferencia
302,16th Workshop on Algorithms in Bioinformatics (WABI 2016),2016,-,conferencia
303,15th RECOMB Comparative Genomics Satellite Conference (RECOMB-CG 2017),2017,-,conferencia
304,20th International Workshop on Algorithms in Bioinformatics (WABI 2020),2020,-,conferencia
305,Concurso de Teses e Dissertações da SBC,2020,-,conferencia
306,Proc. 2004 International Conference on Parallel and Distributed Processing Techniques and Applications,2004,-,conferencia
307,VI Workshop em Sistemas Computacionais de Alto Desempenho (WSCAD),2005,-,conferencia
308,V Congresso Brasileiro de Agroinformática,2005,-,conferencia
309,WCCA 2006 - World Congress on Computers in Agriculture,2006,-,conferencia
310,"SIMCRA 2006 - Simpósio de Construções Rurais e Ambientes Protegidos, 2006",2006,-,conferencia
311,III Comgresso de Computação do Sul de Mato Grosso,2007,-,conferencia
312,IEEE Sensors Applications Sympsium,2008,-,conferencia
313,Congresso Brasileiro de Automática (CBA),2008,-,conferencia
314,Wokshop de Tecnologia Adaptatia,2009,-,conferencia
315,XI Encontro de Iniciação Científic da UCDB,2006,-,conferencia
316,7º Simpósio Brasileiro de Agroinformática,2009,-,conferencia
317,XI Encontro de Iniciação Científica da UCDB,2007,-,conferencia
318,XIII Encontro de Iniciação Científica da UCDB,2009,-,conferencia
319,Workshop de Tecnologia Adaptatiava (2010),2010,-,conferencia
320,Sensors Applications Symposium,2010,-,conferencia
321,XIII Encontro de Iniciação Científica,2009,-,conferencia
322,1o. Simpo&#769;sio Brasileiro de Pecua&#769;ria de Precisa&#771;o Aplicada a&#768; Bovinocultura de Corte,2014,-,conferencia
323,1o. Simpósio Brasileiro de Pecuária de Precisão Aplicada à Bovinocultura de Corte,2014,-,conferencia
324,X Congresso Brasileiro de Agroinfomática,2015,-,conferencia
325,XII Encontro de Iniciação Científic da UCDB,2008,-,conferencia
326,VII Encontro de Iniciação Científica,1999,-,conferencia
327,VI Encontro de Iniciação Científica,1998,-,conferencia
328,"14th Annual International Computing and Combinatorics Conference, COCOON 2008",2008,-,conferencia
329,Cologne-Twente Workshop on Graphs and Combinatorial Optimization,2009,-,conferencia
330,"LAGOS'11 ? VI Latin-American Algorithms, Graphs and Optimization Symposium",2011,-,conferencia
331,"LAGOS'09 ? V Latin-American Algorithms, Graphs and Optimization Symposium",,-,conferencia
332,XLIII Simpósio Brasileiro de Pesquisa Operacional (SBPO),2011,-,conferencia
333,Simpósio Brasileiro de Pesquisa Operacional,2012,-,conferencia
334,Alice Brasil,2012,-,conferencia
335,ALIO/EURO - Workshop on Applied Combinatorial Optimization,2014,-,conferencia
336,XLVII Simpósio Brasileiro de Pesquisa Operacional,2015,-,conferencia
337,Congresso Nacional de Matemática Aplicada e Computacional,2018,-,conferencia
338,XIX Latin-Iberoamerican Conference on Operations Research - CLAIO,2018,-,conferencia
339,Encontro de Teoria da Computação (ETC 2020),2020,-,conferencia
340,2013 International Symposium on Rapid System Prototyping (RSP),,-,conferencia
341,Workshop de Sistemas Computacionais de Alto Desempenho - Simpósio em Sistemas Computacionais,2013,-,conferencia
342,28th IEEE International System-on-Chip Conference,2015,-,conferencia
343,the 32nd Symposium,2019,-,conferencia
344,2020 33rd Symposium on Integrated Circuits and Systems Design (SBCCI),2020,-,conferencia
345,2012 13th Symposium on Computer Systems XIII Simp sio de Sistemas Computacionais (WSCADSSC),,-,conferencia
346,Parallel and Distributed Techniques and Applications Conference,2001,-,conferencia
347,Workshop de Teses e Dissertações Defendidas,2001,-,conferencia
348,I WPerformance,2002,-,conferencia
349,IV Workshop de Sistemas Distribuidos y Paralelismo,2002,-,conferencia
350,XI Simpósio Internacional de Iniciação Científica da Universidade de São Paulo,2003,-,conferencia
351,V Workshop de Sistemas Computacionais de Alto Desempenho (WSCAD),2004,-,conferencia
352,International Workshop on Reconfigurable Architectures,2006,-,conferencia
353,17th IEEE International Conference on Application-specific Systems Architectures and Processors,2006,-,conferencia
354,XXXIX Simpósio Brasileiro de Pesquisa Operacional,2007,-,conferencia
355,II Workshop de Educação em Arquiteturas de Computadores,2007,-,conferencia
356,Brazilian Symposium on Programming Languages,2008,-,conferencia
357,Simpósio Brasileiro de Pesquisa Operacional,2008,-,conferencia
358,IX Simpósio em Sistemas Computacionais WSCAD-SSC,2008,-,conferencia
359,39th International Symposium on Multiple Valued Logic,2009,-,conferencia
360,XIII Simpósio Brasileiro de Linguagens de Programação,2009,-,conferencia
361,ALIO-INFORMS Joint International Meeting,2010,-,conferencia
362,XLII Simpósio Brasileiro de Pesquisa Operacional,2010,-,conferencia
363,WSCAD-WIC,2010,-,conferencia
364,2011 IEEE Second Latin American Symposium on Circuits and Systems (LASCAS),,-,conferencia
365,2012 13th Symposium on Computer Systems  XIII Simp sio de Sistemas Computacionais (WSCADSSC),,-,conferencia
366,XLIV SBPO/XVI CLAIO,2012,-,conferencia
367,10th IEEE/IAS International Conference on Industry Applications,2012,-,conferencia
368,16th BRAZILIAN SYMPOSIUM ON PROGRAMMING LANGUAGES,2012,-,conferencia
369,XXXIII Congresso da Sociedade Brasileira de Computação - Concurso de Trabalhos de Iniciação Científica,2013,-,conferencia
370,2014 IEEE Frontiers in Education Conference Proceedings (FIE),2014,-,conferencia
371,Frontiers in Education Conference,2014,-,conferencia
372,XV Simpósio em Sistemas Computacionais de Alto Desempenho (WSCAD 2014),2014,-,conferencia
373,2015 28th IEEE International SystemonChip Conference (SOCC),,-,conferencia
374,Simpósio em Sistemas Computacionais de Alto Desempenho (WSCAD),2015,-,conferencia
375,28th International Symposium on Computer Architecture and High Performance Computing,2016,-,conferencia
376,7th Workshop on Applications for Multi-Core Architectures,2016,-,conferencia
377,SIMPÓSIO BRASILEIRO DE PECUÁRIA DE PRECISÃO APLICADA À BOVINOCUTURA DE CORTE,2014,-,conferencia
378,Workshop de Computação Heterogênea,2018,-,conferencia
379,2019 31st International Symposium on Computer Architecture and High Performance Computing (SBACPAD),2019,-,conferencia
380,Simpósio em Sistemas Computacionais de Alto Desempenho,2019,-,conferencia
381,XXI Simpósio em Sistemas Computacionais de Alto Desempenho,,-,conferencia
382,Simpósio em Sistemas Computacionais de Alto Desempenho,2020,-,conferencia
383,Seminário Integrado de Software e Hardware,2021,-,conferencia
384,"2015 IEEE 26th International Conference on Applicationspecific Systems, Architectures and Processors (ASAP)",,-,conferencia
385,the 8th Latin American Conference,,-,conferencia
386,IV Latin American Workshop on Aspect-Oriented Software Development,2010,-,conferencia
387,Workshop de Teses e Dissertações em Engenharia de Software WTES,2010,-,conferencia
388,2nd International Workshop on Variability & Composition (VariComp),2011,-,conferencia
389,2011 25th Brazilian Symposium on Software Engineering (SBES),,-,conferencia
390,the 19th ACM SIGSOFT symposium and the 13th European conference,,-,conferencia
391,2012 26th Brazilian Symposium on Software Engineering (SBES),,-,conferencia
392,2013 4th International Workshop on Emerging Trends in Software Metrics (WETSoM),,-,conferencia
393,7th Latin American Workshop on Aspect-Oriented Software Development: Advanced Modularization Techniques,2013,-,conferencia
394,Companion the 36th International Conference,,-,conferencia
395,Dagstuhl Seminar 14281 - Feature Interactions: The Next Generation,2014,-,conferencia
396,2015 IEEE Frontiers in Education Conference (FIE),,-,conferencia
397,the 15th International Conference,,-,conferencia
398,the 38th International Conference,,-,conferencia
399,the 31st Brazilian Symposium,2017,-,conferencia
400,"6th Workshop on Software Visualization, Evolution and Maintenance (VEM)",2018,-,conferencia
401,the 13th International Workshop,2019,-,conferencia
402,2019 ACM/IEEE International Symposium on Empirical Software Engineering and Measurement (ESEM),2019,-,conferencia
403,13th International Workshop on Cooperative and Human Aspects of Software Engineering (CHASE),2020,-,conferencia
404,34th Brazilian Symposium on Software Engineering (SBES-IIER),2020,-,conferencia
405,"Workshop on Software Visualization, Evolution and Maintenance (VEM)",2020,-,conferencia
406,22nd International Conference on Computers in Education (ICCE),2014,-,conferencia
407,XIV Simpósio em Sistemas Computacionais - Concurso de Teses e Dissertações (WSCAD-SSC / CTD),2013,-,conferencia
408,7th Workshop on Applications for Multi Core Architectures,2016,-,conferencia
409,WSCAD-WIC 2016 (Workshop de Iniciação Científica),2016,-,conferencia
410,2013 International Conference on Parallel and Distributed Systems (ICPADS),,-,conferencia
411,Simposio de Educación Matemática,2007,-,conferencia
412,VI CIBEM - Congreso Iberoamericano de Educación Matemática,2009,-,conferencia
413,2013 IEEE 13th International Conference on Bioinformatics and Bioengineering (BIBE),,-,conferencia
414,9th International Conference of the Brazilian Association for Bioinformatics and Computational Biology (X-meeting 2013),2013,-,conferencia
415,XI Simpósio Brasileiro de Bioinformática,,-,conferencia
416,19th International Conference on Bioinformatics and Bioengineering,2019,-,conferencia
417,19th International Conference on Bioinformatics and Bioengineering (BIBE),2019,-,conferencia
418,36ª Reunião Anual da SBPC,1984,-,conferencia
419,Computational Science and Its Applications -- ICCSA 2015,2021,-,conferencia
420,The 32nd International Symposium on Algorithms and Computation (ISAAC 2021),2021,-,conferencia
421,Congresso Íbero Latino Americano sobre Métodos Computacionais para Engenharia,1997,-,conferencia
422,Jornadas Sudamericanas de Ingeniería Estructural,1995,-,conferencia
423,Congresso Íbero Latino Americano sobre Métodos Computacionais em Engenharia,1994,-,conferencia
424,XXIX Jornadas Sudamericanas de Ingeniería Eestructural,2000,-,conferencia
425,Second International Conference on Engineering Computational Technology,2000,-,conferencia
426,The Third International Conference on Engineering Computational Technology,2002,-,conferencia
427,The Seventh International Conference on Computational StructuresTechnology,2004,-,conferencia
428,IV Congresso Brasileiro de Computação,2004,-,conferencia
429,VII Escola de Informática Norte,2005,-,conferencia
430,V Brazilian Symposium on Computer Games and Digital Entertainment,2006,-,conferencia
431,"Computer Graphics, Imaging and Visualisation (CGIV 2007)",2007,-,conferencia
432,VI Brazilian Symposium on Computer Games and Digital Entertainment,2007,-,conferencia
433,VII Brazilian Symposium on Games and Digital Entertainment,2008,-,conferencia
434,the 2008 ACM SIGGRAPH symposium,2008,-,conferencia
435,VIII Simpósio Brasileiro de Jogos e Entretenimento Digital,2009,-,conferencia
436,the 2010 ACM SIGGRAPH symposium,2010,-,conferencia
437,2010 Brazilian Symposium on Games and Digital Entertainment (SBGAMES),2010,-,conferencia
438,25th ACM/IEEE/SCS Workshop on Principles of Advanced and Distributed Simulation (PADS 2011),2011,-,conferencia
439,X Brazilian Symposium on Computer Games and Digital Entertainment,2011,-,conferencia
440,"XXV SIBGRAPI Conference on Graphics, Patterns and Images",2012,-,conferencia
441,XI Brazilian Symposium on Computer Games and Digital Entertainment,2012,-,conferencia
442,"2013 XXVI SIBGRAPI Conference on Graphics, Patterns and Images (SIBGRAPI)",2013,-,conferencia
443,SIBGRAPI 2013,2013,-,conferencia
444,"2014 27th SIBGRAPI Conference on Graphics, Patterns and Images (SIBGRAPI)",2014,-,conferencia
445,2014 Brazilian Symposium on Computer Games and Digital Entertainment (SBGAMES),2014,-,conferencia
446,"2015 28th SIBGRAPI Conference on Graphics, Patterns and Images (SIBGRAPI)",2015,-,conferencia
447,"2016 29th SIBGRAPI Conference on Graphics, Patterns and Images (SIBGRAPI)",2016,-,conferencia
448,2017 Brazilian Conference on Intelligent Systems (BRACIS),2017,-,conferencia
449,"2017 30th SIBGRAPI Conference on Graphics, Patterns and Images (SIBGRAPI)",2017,-,conferencia
450,the Symposium,2017,-,conferencia
451,Jornadas Sul-Americanas de Engenharia Estrutural,1997,-,conferencia
452,3º Congresso Nacional de Iniciação Científica (CONIC) e 1º Congresso Internacional de Iniciação Científica (COINT),2003,-,conferencia
453,XI Simpósio Brasileiro de Sistemas Multimídia e Web - Qualis B Nacional,2005,-,conferencia
454,SUCESU 2004 - Congresso Nacional de Tecnologia da Informação e Comunicação,2004,-,conferencia
455,II Workshop Tidia FAPESP,2005,-,conferencia
456,JINC - XI Jornada Nacional de Iniciação Científica,2004,-,conferencia
457,International Conference on Forensic Computer Science,2011,-,conferencia
458,XXV Simpósio Brasileiro de Engenharia de Software - Trilha Especial,2011,-,conferencia
459,6th European Academy of Forensic Science Conference,2012,-,conferencia
460,International Conference on Software Engineering Research and Practice,2015,-,conferencia
461,9ª Jornada Científica Embrapa Gado de Corte,2013,-,conferencia
462,2016 42th Euromicro Conference on Software Engineering and Advanced Applications (SEAA),,-,conferencia
463,Proccedings of the 10th European Conference,,-,conferencia
464,2016 12th European Dependable Computing Conference (EDCC),2016,-,conferencia
465,IV Oficina Nacional de Problemas de Corte e Empacotamento,2000,-,conferencia
466,Brazilian Summer School on Combinatorics and Algorithms (GRACO),2001,-,conferencia
467,XXII Congresso da SBC (Jornada Acadêmica de Atualização em Informática),2002,-,conferencia
468,International Conference on Bioinformatics and Computational Biology,2003,-,conferencia
469,XXV Congresso da SBC (IV Brazilian Simposium on Bioinformatics),2005,-,conferencia
470,2nd International Conference on Bioinformatics and Computational Biology,2004,-,conferencia
471,XXVI Congresso da SBC (Workshop de Biologia Computacional),2006,-,conferencia
472,VI Brazilian Symposium on Bioinformatics,2007,-,conferencia
473,"IV Latin American Algorithms, Graphs, and Optimization Symposium",2008,-,conferencia
474,Brazilian Symposium on Bioinformatics,2007,-,conferencia
475,6th Brazilian Symposium on Bioinformatics (BSB),2011,-,conferencia
476,6th Brazilian Symposium on Bioinformatics (BSB - 2011),2011,-,conferencia
477,7ht Brazilian Symposium on Bioinformatics,2012,-,conferencia
478,VII Brazilian Symposium on Bioinformatics,2012,-,conferencia
479,21st International Symposium on String Processing and Information Retrieval (SPIRE'14),2014,-,conferencia
480,11th Brazilian Symposium on Bioinformatics,2018,-,conferencia
481,International Conference on Computational Science,2019,-,conferencia
482,VI Encontro de Iniciação Científica,1997,-,conferencia
483,IV Mostra de Iniciação Científica da Universidade de Passo Fundo,1994,-,conferencia
484,IV Fórum Nacional de Ciência e Tecnologia em Saúde,1998,-,conferencia
485,Chicago 2000 - World Congress of Medical Physics and Biomedical Engineering,2000,-,conferencia
486,XVII Congresso Brasileiro de Engenharia Biomédica,2000,-,conferencia
487,II Congresso Latinoamericano de Ingeniería Biomédica,2001,-,conferencia
488,XVIII Congresso Brasileiro de Engenharia Biomédica,2002,-,conferencia
489,III Mostra de Iniciação Científica da Universidade de Passo Fundo,1993,-,conferencia
490,XII Congreso Argentino de Bioingeniería,2001,-,conferencia
491,VII SEMETRO - Seminário Internacional de Metrologia Elétrica,2007,-,conferencia
492,I Congresso de Computação da Grande Dourados - CCGD,2008,-,conferencia
493,II ENCONTRO de INICIAÇÃO CIENTÍFICA UFGD/UEMS e I ENCONTRO DE PÓS-GRADUAÇÃO,2008,-,conferencia
494,XXI Congresso Brasileiro de Engenharia Biomédica,2008,-,conferencia
495,XI Congresso Brasileiro de Informática em Saúde,2008,-,conferencia
496,XXVII SIMPÓSIO BRASILEIRO DE TELECOMUNICAÇÕES,2009,-,conferencia
497,XXX Congresso da Sociedade Brasileira de Computação,2010,-,conferencia
498,XVIII Congresso Brasileiro de Automática,2010,-,conferencia
499,"Encontro de Ensino, Pesquisa e Extensão",2010,-,conferencia
500,XXII Congresso Brasileiro de Engenharia Biomédica,2010,-,conferencia
501,"ENEPE - Encontro de Ensino, Pesquisa e Extensão",2011,-,conferencia
502,Competição Brasileira de Robótica 2011,2011,-,conferencia
503,XXIII Congresso Brasileiro de Engenharia Biomédica,2012,-,conferencia
504,Latin American Robotics Competition,2012,-,conferencia
505,Conferência Ibero-Americana em Computação Aplicada (CIACA2013),2013,-,conferencia
506,Competição Brasileira de Robótica 2013,2013,-,conferencia
507,Latin American Robotics Competition,2014,-,conferencia
508,I Simpósio Brasileiro de Pecuária de Precisão Aplicada à Bovinocultura de corte,2014,-,conferencia
509,Frontiers in Education 2015,2015,-,conferencia
510,MEDINFO 2015 - 15th World Congress on Health and Biomedical Informatics,2015,-,conferencia
511,Latin American Robotics Competition,2016,-,conferencia
512,Conferência IADIS Ibero Americana em Computação Aplicada,2016,-,conferencia
513,XVII Encontro de Iniciação CIentífica da UFMS,2016,-,conferencia
514,Conferências IADIS Ibero-americanas WWW/Internet 2017 e Computação Aplicada 2017,2017,-,conferencia
515,XVI Latin American Robotics Competition and XV Brazilian Robotics Competition,2017,-,conferencia
516,XXII Congresso Brasileiro de Automática,2018,-,conferencia
517,Integra UFMS,2018,-,conferencia
518,XX Workshop de Tolerância a Falhas - WTF,2019,-,conferencia
519,XXX Simpósio Brasileiro de Informática na Educação (Brazilian Symposium on Computers in Education),2019,-,conferencia
520,Integra UFMS,2019,-,conferencia
521,Integra UFMS,2020,-,conferencia
522,Congresso Brasileiro de Automática 2020,2020,-,conferencia
523,2015 IEEE 28th International Symposium on ComputerBased Medical Systems (CBMS),2015,-,conferencia
524,VI Encontro de Iniciação Científica - Módulo PIBIC/CNPq,1997,-,conferencia
525,VII Encontro de Iniciação Científica - Módulo PIBIC/CNPq,1998,-,conferencia
526,19º Simpósio Brasileiro de Redes de Computadores,2001,-,conferencia
527,International Teletraffic Congress 17,2001,-,conferencia
528,IEEE Global Telecommunications Conference - GLOBECOM 2001,2001,-,conferencia
529,13th IEEE Intern. Workshops on Enabling Technologies: Infrastructure for Collaborative Enterprises (WETICE-2004),2004,-,conferencia
530,First International Workshop on Mobility Aware Technologies and Applications (MATA 2004),2004,-,conferencia
531,6o. Workshop de Comunicação sem Fio e Computação Móvel (WCSF 2004),2004,-,conferencia
532,IFIP Conference on Intelligence in Communication Systems (INTELLCOMM 2005),2005,-,conferencia
533,24º Simpósio Brasileiro de Redes de Computadores (SBRC 2006),2006,-,conferencia
534,First Workshop on Ontologies and Metamodels in Software Engineering,2006,-,conferencia
535,XXV Simpósio Brasileiro de Redes de Computadores e Sistemas Distribuídos (SBRC),2007,-,conferencia
536,"1st Worskhop on Pervasive and Ubiquitous Computing (WPUC), part of 19th Intern. Symposium on Computer Architecture and High Performance Computing (SBARC-PAD 2007)",2007,-,conferencia
537,XIX SNPTEE - Seminário Nacional de Produção e Transmissão de Energia Elétrica,2007,-,conferencia
538,17th IEEE International Conference and Workshops on Engineering of Computer-Based Systems (ECBS 2010),2010,-,conferencia
539,7º Congresso Brasileiro de Agroinformática (SBIAgro 2009),2009,-,conferencia
540,XIX Sessão de Ferramentas do XXVI Simpósio Brasileiro de Engenharia de Software (SBES) / III Congresso Brasileiro de Software: Teoria e Prática (CBSoft 2012),2012,-,conferencia
541,UAHCI / HCI International 2014,2014,-,conferencia
542,Simpósio Nacional de Instrumentação Agropecuária - SIAGRO 2014,2014,-,conferencia
543,1º Sompósio Brasileiro de Pecuária de Precisão aplicada a Bovinocultura de Corte,2014,-,conferencia
544,X Congresso Brasileiro de Agroinformática (XSBIAgro),2015,-,conferencia
545,XII Congresso Brasileiro de Agroinformática,2019,-,conferencia
546,XII Congresso Brasileiro de Agroinformática (SBIAgro 2019),2019,-,conferencia
547,71ª Reunião Anual da SBPC,2019,-,conferencia
548,Congresso Brasileiro de Agroinformática (SBIAgro 2017),2017,-,conferencia
549,IV Encontro Nacional de Inteligência Artificial - ENIA,2003,-,conferencia
550,The Third IASTED International Conference on Artificial Intelligence and Applications,2003,-,conferencia
551,11 Simpósio Internacional de Iniciação Científica da Universidade de São Paulo - SIICUSP,,-,conferencia
552,IV Workshop on Advances and Trends in AI,2003,-,conferencia
553,VIII Simpósio de Teses e Dissertações do Programa de Pós-Graduação em Ciências de Computação e Matemática Computacional,2003,-,conferencia
554,10º Simpósio Internacional de Iniciação Científica da Universidade de São Paulo,2002,-,conferencia
555,Workshop in Artificial Intelligence,2004,-,conferencia
556,XXX Conferencia Latinoamericana de informática,2004,-,conferencia
557,Congress of Logic Applied to Technology,2005,-,conferencia
558,Workshop em Tecnologia da Informação de da Linguagem Humana (TIL2005),2005,-,conferencia
559,International Federation for Information Processing (IFIP) Congress,2006,-,conferencia
560,Concurso de Teses e Dissertações em Inteligência Artificial do SBIA,2006,-,conferencia
561,18 European Conference on Machine Learning,2007,-,conferencia
562,VII Workshop de Informática Médica,2007,-,conferencia
563,Jornadas Argentinas de Informática - JAIIO,2007,-,conferencia
564,X Congresso Brasileiro de Informática em Saúde,2006,-,conferencia
565,XV Encontro Anual de Iniciação Científica,2006,-,conferencia
566,56º Congresso Brasileiro de Coloproctologia,2007,-,conferencia
567,I Congresso da Academia Trinacional de Ciências,2006,-,conferencia
568,XIV Simpósio Internacional de Iniciação Científica da Inversidade de São Paulo,2006,-,conferencia
569,Brazilian Symposium on Artificial Intelligence,2008,-,conferencia
570,Encontro Nacional de Inteligência Artificial,2009,-,conferencia
571,Portuguese Conference on Artificial Intelligence,2009,-,conferencia
572,Nono Encontro Nacional de Inteligência Artificial (ENIA 2012),2012,-,conferencia
573,Brazilian Conference on Intelligence System,2013,-,conferencia
574,14th Ibero-American Conference on AI (IBERAMIA),2014,-,conferencia
575,Encontro Nacional de Inteligência Artificial e Computacional,2016,-,conferencia
576,"CONFERENCE ON GRAPHICS, PATTERNS AND IMAGES, 29. (SIBGRAPI)",2016,-,conferencia
577,2017 14th IAPR International Conference on Document Analysis and Recognition (ICDAR),2017,-,conferencia
578,2018 International Joint Conference on Neural Networks (IJCNN),2018,-,conferencia
579,Competição Latino Americana e Brasileira de Robótica,2017,-,conferencia
580,IGARSS 2019  2019 IEEE International Geoscience and Remote Sensing Symposium,2019,-,conferencia
581,GRSS-YP & ISPRS Student Consortium SS 2018,2018,-,conferencia
582,2019 International Joint Conference on Neural Networks (IJCNN),2019,-,conferencia
583,IEEE International Geoscience and Remote Sensing Symposium,2019,-,conferencia
584,EPIA Conference on Artificial Intelligence,2019,-,conferencia
585,2019 IEEE 31st International Conference on Tools with Artificial Intelligence (ICTAI),2019,-,conferencia
586,Brazilian Conference on Intelligent Systems,2020,-,conferencia
587,XVI Workshop de Visão Computacional,2020,-,conferencia
588,IEEE International Geoscience and Remote Sensing Symposium,2021,-,conferencia
589,V Simpósio Brasileiro de Arquitetura de Computadores - Processamento de Alto Desempenho,1993,-,conferencia
590,the 15th international symposium,,-,conferencia
591,Third International Workshop on Experimental and Efficient Algorithms (WEA),2004,-,conferencia
592,"2nd Workshop onEmbedded Systems for RealTime Multimedia, 2004. ESTImedia 2004.",,-,conferencia
593,International Workshop on Applied Reconfigurable Computing (ARC),2008,-,conferencia
594,"2010 Design, Automation & Test in Europe Conference & Exhibition (DATE 2010)",,-,conferencia
595,2014 20th IEEE International Conference on Parallel and Distributed Systems (ICPADS),,-,conferencia
596,Escola Regional de Informática do MS (ERI-MS),2014,-,conferencia
597,21st International Conference on Parallel and Distributed Processing Techniques and Applications (PDPTA),2015,-,conferencia
598,International Conference on Computational Science (ICCS),2018,-,conferencia
599,XX Simpósio em Sistemas Computacionais de Alto Desempenho,2019,-,conferencia
600,Workshop em Desempenho de Sistemas Computacionais e de Comunicação (WPerformance),2020,-,conferencia
601,Integra - UFMS,2019,-,conferencia
602,Integra - UFMS,2018,-,conferencia
603,Integra-UFMS,2020,-,conferencia
604,Integra - UFMS,2020,-,conferencia
605,Workshop sobre Educação em Computação (WEI) 2021,2021,-,conferencia
606,2a. Reunião Especial da Sociedade Brasileira para o Progresso da Ciência (SBPC),1995,-,conferencia
607,IX Seminário de Ensino Pesquisa e Extensão e III Encontro de Iniciação Científica da Universidade Federal de Mato Grosso do Sul (UFMS),1994,-,conferencia
608,Workshop de Teses em Engenharia de Software em conjunto com o Simpósio Brasileiro de Engenharia de Software,1998,-,conferencia
609,International Conference on Software Maintenance and Reengineering,1999,-,conferencia
610,Conferência Latinoamericana de Informática,1999,-,conferencia
611,Simpósio Brasileiro de Engenharia de Software,1999,-,conferencia
612,Concurso de Teses e Dissertações em Computação em conjunto com o Congresso da Sociedade Brasileira de Computação,2000,-,conferencia
613,Working Conference on Reverse Engineering,2000,-,conferencia
614,European Conference on Software Maintenance and Reengineering,2001,-,conferencia
615,Simpósio de Teses e Dissertações,2002,-,conferencia
616,Agile Development Conference,2003,-,conferencia
617,Workshop de Teses em Engenharia de Software,2003,-,conferencia
618,Simpósio de Desenvolvimento e Manutenção de Software da Marinha,2003,-,conferencia
619,Workshop em Engenharia de Requisitos,2003,-,conferencia
620,Simpósio Internacional de Iniciação Científica da USP - SIICUSP,2003,-,conferencia
621,Simpósio de Teses e Dissertações,2003,-,conferencia
622,Simpósio Brasileiro de Engenharia de Software,2004,-,conferencia
623,Sessão de Ferramentas em Engenharia de Software em conjunto com o XVIII Simpósio Brasileiro de Engenharia de Software,2004,-,conferencia
624,Conferência Latino-Americana de Informática,2004,-,conferencia
625,Experimental Software Engineering Latin American Workshop em conjunto com o XVIII Simpósio Brasileiro de Engenharia de Software,2004,-,conferencia
626,Workshop de Manutenção de Software Moderna em conjunto com o XVIII Simpósio Brasileiro de Engenharia de Software,2004,-,conferencia
627,Jornadas Iberoamericanas de Ingeniería del Software e Ingeniería del Conocimiento,2004,-,conferencia
628,Simpósio de Desenvolvimento e Manutenção de Software da Marinha,2004,-,conferencia
629,Simpósio de Teses e Dissertações,2004,-,conferencia
630,Simpósio Internacional de Iniciação Científica da USP - SIICUSP,2004,-,conferencia
631,Jornada Nacional de Iniciação Científica,2004,-,conferencia
632,Latin American Conference on Pattern Languages of Programming,2005,-,conferencia
633,Conferência Latino-Americana de Informática,2006,-,conferencia
634,Simpósio Brasileiro de Sistemas de Informação,2006,-,conferencia
635,Workshop de Aplicações de Realidade Virtual,2006,-,conferencia
636,Experimental Software Engineering Latin American Workshop,2006,-,conferencia
637,Jornada Ibero-Americana de Engenharia de Software e Engenharia do Conhecimento,,-,conferencia
638,Latin American Conference on Pattern Languages of programming,2007,-,conferencia
639,Workshop on Requirements Engineering,2007,-,conferencia
640,Simpósio Brasileiro de Qualidade de Software,2007,-,conferencia
641,Workshop de Desenvolvimento Rápido de Aplicações,2007,-,conferencia
642,Conferência Latino Americana de Informática,2007,-,conferencia
643,Seminário de Iniciação Científica,2007,-,conferencia
644,Simpósio Internacional de Iniciação Científica,2007,-,conferencia
645,Annual ACM Symposium on Applied Computing,2008,-,conferencia
646,Simpósio Brasileiro de Engenharia de Software,2008,-,conferencia
647,Jornada Peruana de Computación,2008,-,conferencia
648,Simpósio Internacional de Iniciação Científica da USP,2008,-,conferencia
649,Fórum de Informática e Tecnologia de Maringá,2008,-,conferencia
650,Simpósio Brasileiro de Qualidade de Software,2009,-,conferencia
651,Simpósio Brasileiro de Informática na Educação,2009,-,conferencia
652,Workshop de Engenharia de Software da Facom,2009,-,conferencia
653,2010 17th IEEE International Conference and Workshops on Engineering of Computer Based Systems,,-,conferencia
654,Workshop Brasileiro de Métodos Ágeis,2010,-,conferencia
655,Latin American Conference on Pattern Languages of Programming,2010,-,conferencia
656,Simpósio Brasileiro de Engenharia de Software,2011,-,conferencia
657,Conferência Latino-Americana de Informática,2011,-,conferencia
658,Workshop sobre Gerenciamento de Projetos de Software do Simpósio Brasileiro de Qualidade de Software,2012,-,conferencia
659,Escola Regional de Informática de Mato Grosso do Sul,2013,-,conferencia
660,Simpósio da Produção do Conhecimento na Graduação e Pós-Graduação em Mato Grosso do Sul,2013,-,conferencia
661,International Conference on Human-Computer Interaction,2014,-,conferencia
662,International Conference on Software Engineering and Knowledge Engineering,2014,-,conferencia
663,International Conference on Computational Science and Its Applications,2014,-,conferencia
664,2014 14th International Conference on Computational Science and Its Applications (ICCSA),,-,conferencia
665,Conferência Latino-Americana de Informática,2014,-,conferencia
666,IAMPS: An process to support the MPS.BR implementation together with agile methods,2014,-,conferencia
667,"Workshop on Software Visualization, Evolution and Maintenance (VEM 2014)",2014,-,conferencia
668,Workshop on Process Model Collections: Management and Reuse,2014,-,conferencia
669,Sessão de Ferramentas do Congresso Brasileiro de Software: Teoria e Prática (CBSoft 2014),2014,-,conferencia
670,Escola Regional de Informática de Mato Grosso do Sul,2014,-,conferencia
671,2014 9th Latin American Web Congress (LAWEB),,-,conferencia
672,ACM/SIGAPP Symposium On Applied Computing,2015,-,conferencia
673,Simpósio Brasileiro de Pecuária de Precisão,2014,-,conferencia
674,International Conference on Software Engineering and Knowledge Engineering,2015,-,conferencia
675,International Conference on Computational Science and Its Applications,2015,-,conferencia
676,International Conference on Computer Systems and Applications,2015,-,conferencia
677,Simpósio Brasileiro de Sistemas de Informação,2016,-,conferencia
678,Simpósio Brasileiro de Qualidade de Software,2016,-,conferencia
679,International Conference on Information Technology : New Generations,2017,-,conferencia
680,International Conference on Software Engineering and Knowledge Engineering,2017,-,conferencia
681,"EFITA Congress (European conference dedicated to the future use of ICT in the agri-food sector, bioresource and biomass sector)",2017,-,conferencia
682,Simpósio Brasileiro de Sistemas de Informação,2017,-,conferencia
683,Simpósio Brasileiro de Sistemas de Informação,2018,-,conferencia
684,Brazilian Conference on Software - CBSOFT (Trilha da indústria),2018,-,conferencia
685,Simpósio Brasileiro de Sistemas de Informação,2019,-,conferencia
686,Iberian Conference on Information Systems and Technologies,2019,-,conferencia
687,Proceedings of GRSS-YP & YSPRS Student Consortium Summer School,2018,-,conferencia
688,Simpósio Brasileiro sobre Fatores Humanos em Sistemas Computacionais,2019,-,conferencia
689,Simpósio Brasileiro de Qualidade de Software,2021,-,conferencia
690,Sessão de Ferramentas do Simpósio Brasileiro de Engenharia de Software (SBES),2012,-,conferencia
691,28o Simpósio Brasileiro de Redes de Computadores e Sistemas Distribuídos (SBRC 2010),2010,-,conferencia
692,International Conference on Computer Communications and Networks (ICCCN'10),2010,-,conferencia
693,IADIS International Conference - WWW/Internet 2012,2012,-,conferencia
694,CIbSE - Congreso Iberoamericano en Ingeniería de Software,2014,-,conferencia
695,"VIII Workshop de Desenvolvimento Distribuído de Software, Ecossistemas de Software e Sistemas de Sistemas - WDES",2014,-,conferencia
696,"COMPSAC 2015 - The 39th Annual International Computers, Software & Applications Conference",2015,-,conferencia
697,"UBICOMM 2015: The Ninth International Conference on Mobile Ubiquitous Computing, Systems, Services and Technologies",2015,-,conferencia
698,"SBQS - Simpósio Brasileiro de Qualidade de Sotware, WTDQS - Workshop de Teses e Dissertações em Qualidade de Software",2015,-,conferencia
699,2015 29th Brazilian Symposium on Software Engineering (SBES),,-,conferencia
700,"CBSoft 2015 - IX Workshop em Desenvolvimento Distribuído de Software, Ecossistemas de Software e Sistemas-de-Sistemas",2015,-,conferencia
701,WWW/Internet 2015 Conference (CIAWI 2015),2015,-,conferencia
702,Amazon Advanced School of Software Quality,2015,-,conferencia
703,13th Empirical Software Engineering Latin American Workshop (ESELAW 2016),2016,-,conferencia
704,The 28th International Conference on Software Engineering & Knowledge Engineering,2016,-,conferencia
705,Latin-American School on Software Engineering (ELA-ES),2016,-,conferencia
706,"X WDES - X Workshop em Desenvolvimento Distribuído de Software, Ecossistemas de Software e Sistemas-de-Sistemas",2016,-,conferencia
707,Brazilian Symposium on Software Quality,2016,-,conferencia
708,"Workshop sobre Aspectos Sociais, Humanos e Econômicos de Software (WASHES)",2016,-,conferencia
709,"ICSE Joint 5th International Workshop on Software Engineering for Systems-of-systems and 11th Workshop on Distributed Software Development, Software Ecosystems and Systems-of-Systems",2017,-,conferencia
710,"COMPSAC 2017 - The 41th Annual International Computers, Software & Applications Conference",2017,-,conferencia
711,CIbSE 2017,2017,-,conferencia
712,"Workshop on Social, Human, and Economic Aspects of Software (WASHES) at the 16th International Conference on Software Reuse",2017,-,conferencia
713,Brazilian Symposium on Software Engineering (SBES),2017,-,conferencia
714,TISE - Conferência Internacional sobre Informática na Educação,2016,-,conferencia
715,12th European Conference on Software Architecture - Workshops,2018,-,conferencia
716,XVI SBQS - XVI Simpósio Brasileiro de Qualidade de Software,2017,-,conferencia
717,ICSR 2017 - 16th International Conference on Software Reuse,2017,-,conferencia
718,Brazilian Symposium on Software Quality (SBQS 2018),2018,-,conferencia
719,Frontiers in Education,2019,-,conferencia
720,Brazilian Symposium on Informatics in Education (SBIE),2019,-,conferencia
721,XVI Brazilian Symposium on Information Systems - SBSI'20,2020,-,conferencia
722,Ibero-American Conference on Software Engineering (CIbSE),2020,-,conferencia
723,International Conference on Global Software Engineering,2020,-,conferencia
724,Workshop on Cooperative and Human Aspects of Software Engineering (CHASE),2020,-,conferencia
725,XVI Simpósio Brasileiro de Sistemas de Informação,2020,-,conferencia
726,"V WORKSHOP SOBRE ASPECTOS SOCIAIS, HUMANOS E ECONÔMICOS DE SOFTWARE (WASHES)",2020,-,conferencia
727,Brazilian Symposium on Software Engineering - SBES'20,2020,-,conferencia
728,34th Brazilian Symposium on Software Engineering,2020,-,conferencia
729,SBSI'21: XVII Brazilian Symposium on Information Systems,2021,-,conferencia
730,Brazilian Symposium on Software Engineering (SBES '21),2021,-,conferencia
731,XX Brazilian Software Quality Symposium (SBQS),2021,-,conferencia
732,VII CBRN - Congresso Brasileiro de Redes Neurais,2005,-,conferencia
733,XVI SBIE - Simpósio Brasileiro de Informática na Educação,2005,-,conferencia
734,International Conference on Engineering of Intelligent Systems,2006,-,conferencia
735,15th International Symposium on Industrial Electronics,2006,-,conferencia
736,16th International Joint Conference on Neural Networks,2006,-,conferencia
737,Eighteenth International Conference on Software Engineering and Knowledge Engineering,2006,-,conferencia
738,"19th International Conference on Systems, Man, and Cybernetics",2006,-,conferencia
739,IEEE Symposium on Computational Intelligence and Data Mining,2007,-,conferencia
740,13º Seminário de Iniciação Científica - PUC Minas,2005,-,conferencia
741,II Congresso da Academia Trinacional de Ciências,2007,-,conferencia
742,IV Workshop em Algoritmos e Aplicações de Mineração de Dados(WAAMD 2008) ? XXIII Simpósio Brasileiro de Banco de Dados (SBBD 2008),2008,-,conferencia
743,I Workshop on Web and Text Intelligence (WTI) - XIX Simpósio Brasileiro de Inteligência Artificial (SBIA),2008,-,conferencia
744,International Workshop on Data Mining and Artificial Intelligence (DMAI) - International Conference on Computer and Information Technology (ICCT),2008,-,conferencia
745,XXXV Latin American Informatics Conference (CLEI 2009),2009,-,conferencia
746,IV Congresso da Academia Trinacional de Ciências (C3N 2009),2009,-,conferencia
747,V Workshop em Algoritmos e Aplicações de Mineração de Dados (V WAAMD) - XXIV Simpósio Brasileiro de Banco de Dados  (SBBD 2009),2009,-,conferencia
748,VII Concurso de Teses e Dissertações em Inteligência Artificial (CTDIA 2010) - XX Simpósio Brasileiro de Inteligência Artificial (SBIA 2010),2010,-,conferencia
749,15th International Conference on Discovery Science,2012,-,conferencia
750,XXVIII Symposium on Applied Computing,2013,-,conferencia
751,"1st Symposium on Knowledge Discovery, Mining and Learning (KDMiLe)",2013,-,conferencia
752,The Second International Conference on Informatics & Applications (ICIA2013),2013,-,conferencia
753,Frontiers in Education,2016,-,conferencia
754,The 2017 International Joint Conference on Neural Networks (IJCNN 2017),2017,-,conferencia
755,The 14th IAPR International Conference on Document Analysis and Recognition (ICDAR),2017,-,conferencia
756,21st International Database Engineering & Applications Symposium (IDEAS),2017,-,conferencia
757,Encontro Nacional de Inteligência Artificial e Computacional (ENIAC),2017,-,conferencia
758,Workshop on Tools and Applications - 23th Brazilian Symposium on Multimedia and the Web,2017,-,conferencia
759,35th ACM/SIGAPP Symposium On Applied Computing (ACM SAC),2020,-,conferencia
760,9th Brazilian Conference on Intelligent Systems (BRACIS),2020,-,conferencia
761,Brazilian Symposium on Multimedia and the Web (WebMedia '21),,-,conferencia
762,10th Brazilian Conference on Intelligent Systems (Bracis' 21),2021,-,conferencia
763,XXXII Simpósio Brasileiro de Informática na Educação (SBIE),2021,-,conferencia
764,27th Symposium On Applied Computing (ACM SAC),2012,-,conferencia
765,I Simpósio de Computação Aplicada,2009,-,conferencia
766,7º Congresso Brasileiro de Agroinformática - SBIAgro 2009,2009,-,conferencia
767,26th International Conference on Software Engineering and Knowledge Engineering (SEKE 2014),2014,-,conferencia
768,IV Congresso Brasileiro de Informática na Educação,,-,conferencia
769,XXVIII Simpósio Brasileiro de Informática na Educação  SBIE (Brazilian Symposium on Computers in Education),2017,-,conferencia
770,II Simpósio sobre Inovação e Criatividade Científica na Embrapa,2010,-,conferencia
771,2014 XL Latin American Computing Conference (CLEI),,-,conferencia
772,XLVI Simpósio Brasileiro de Pesquisa Operacional,2014,-,conferencia
773,"International Conference On Computational Science, ICCS 2015 ? Computational Science at the Gates of Nature",2015,-,conferencia
774,2016 IEEE 28th International Symposium on Computer Architecture and High Performance Computing,2016,-,conferencia
775,XIX Simpósio em Sistemas Computacionais de Alto Desempenho (WSCAD 2018),2018,-,conferencia
776,III Workshop em Computação Heterogênea,2019,-,conferencia
777,1ª Conferência Brasileira de Planejamento Experimental e Análise de Dados (CONBRAPA 2020),2020,-,conferencia
778,1a Conferência Brasileira de Planejamento Experimental e Análise de Dados,2020,-,conferencia
779,The 16th International Conference on Computational Science and Its Applications,2016,-,conferencia
780,Simpósio Brasileiro de Automação Inteligente,2011,-,conferencia
781,Congresso Brasileiro de Eletrônica de Potência,2011,-,conferencia
782,Congresso Brasileiro de Automática,2012,-,conferencia
783,Simpósio Brasileiro de Automação Inteligente,2013,-,conferencia
784,Congresso Brasileiro de Automática,2014,-,conferencia
785,2017 25th Mediterranean Conference on Control and Automation (MED),2017,-,conferencia
786,2013 Brazilian Power Electronics Conference (COBEP 2013),,-,conferencia
787,VIII Simpósio de Teses e Dissertações,2003,-,conferencia
788,6th International Conference on Hybrid Intelligent Systems (HIS 06'),2006,-,conferencia
789,The Fifth International Symposium on Parallel and Distributed Processing and Applications (ISPA07),2007,-,conferencia
790,The 21st IASTED International Conference on&#10;Parallel and Distributed Computing and Systems,2009,-,conferencia
791,"19th International Symposium on High Performance Computing Systems and Applications, 2005. HPCS 2005",2005,-,conferencia
792,XII Simpósio em Sistemas Computacionais de Alto Desempenho,2011,-,conferencia
793,XV Simpósio em Sistemas Computacionais de Alto Desempenho - WSCAD 2014,2014,-,conferencia
794,15th International Conference on Computational Science and Its Applications -- ICCSA,2015,-,conferencia
795,the 31st Annual ACM Symposium,,-,conferencia
796,The 32nd ACM SIGAPP Symposium On Applied Computing,2017,-,conferencia
797,XI Congresso Brasileiro de Agroinformática,2017,-,conferencia
798,XXXVII Simpósio Brasileiro de Redes de Computadores e Sistemas Distribuídos,,-,conferencia
799,"1st ISATA ? International Symposium on Agricultural Technology Adoption: studies, methods and experiences",2020,-,conferencia
800,XXII ENAPET ? Encontro Nacional do Programa de Educação Tutorial,2017,-,conferencia
801,"20th International Conference on Computational Science and Its Applications, ICCSA 2020",2020,-,conferencia
802,"High Performance Computing and Communications, Third International Conference, HPCC 2007",2007,-,conferencia
803,6th International Conference on the Quality of Information and Communications Technology (QUATIC 2007),,-,conferencia
804,19th ACM SIGPLAN Symposium on Principles and Practice of Parallel Programming,2014,-,conferencia
805,XVI Simpósio Brasileiro de Qualidade de Software (SBQS),2017,-,conferencia
806,XVIII Simpósio em Sistemas Computacionais de Alto Desempenho,2017,-,conferencia
807,VII Simpósio Brasileiro de Qualidade de Software,2008,-,conferencia
808,XIX Conferencia Latinoamericana de Informática,1993,-,conferencia
809,DIMACS Workshop on Whole Genome Comparison,2001,-,conferencia
810,10th International Congress on Molecular Plant-Microbe Interactions,2001,-,conferencia
811,XXIII Congresso da Sociedade Brasileira de Computação,2003,-,conferencia
812,The 15th Symposium on Computer Architecture and High Performance Computing,2003,-,conferencia
813,Second Brazilian Workshop on Bioinformatics,2003,-,conferencia
814,XI Congresso Latinoamericano de Buiatria,2003,-,conferencia
815,XI Congresso LAtinoamericano de Buiatria,2003,-,conferencia
816,Terceiro Workshop Brasileiro de Bioinformática,2004,-,conferencia
817,VII Congresso Internacional de Zootecnia,2005,-,conferencia
818,"Second Brazilian Symposium on Bioinformatics, BSB 2007",2007,-,conferencia
819,Braziliam Symposium on Bioinformatics,2005,-,conferencia
820,[ JAI ] - Jornadas de Atualização em Informática,2005,-,conferencia
821,Braziliam Symposium on Bioinformatics,2007,-,conferencia
822,American Society of Microbiology 108th General Meeting,2008,-,conferencia
823,"6th Brazilian Symposium on Bioinformatics, BSB 2011",2011,-,conferencia
824,The Sixth International Conference on Forensic Computer Science,,-,conferencia
825,European Academy of Forensic Science (EAFS) Conference.,2012,-,conferencia
826,VII MEETING SLAMTB - Sociedade Latinoamericana de Tuberculose e outras Micobacterioses,2014,-,conferencia
827,The third International Society for Computational Biology Latin America X-Meeting on Bioinformatics with BSB and SoiBio (ISCB-Latin America),2014,-,conferencia
828,28° Congresso Brasileiro de Microbiologia,2015,-,conferencia
829,FAO International Symposium on ?The Role of Agricultural Biotechnologies in Sustainable Food Systems and Nutrition?,2016,-,conferencia
830,"8th International Conference on Bioinformatics Models, Methods and Algorithms",,-,conferencia
831,Brazilian Symposium on Bioinformatics,2018,-,conferencia
832,XXVI Congresso da Sociedade Brasileira de Computação,2006,-,conferencia
833,"Conferência IADIS Ibero Americana WWW/Internet 2006, 2006",2006,-,conferencia
834,VII Workshop em Sistemas Computacionais de Alto Desempenho,2006,-,conferencia
835,III Workshop on Grid Computing and Applications,2005,-,conferencia
836,"VEM - VI Workshop on Software Visualization, Evolution and Maintenance",2018,-,conferencia
837,BiDU - Workshop on Big Social Data and Urban Computing,2018,-,conferencia
838,WebMedia,,-,conferencia
839,Conferência IADIS Ibero Americana WWW/Internet 2006,,-,conferencia
840,XXXIII SEMISH - Seminário Integrado de Software e Hardware,2006,-,conferencia
841,High Performance Computing and Simulation Conference (HPCS 2007),2007,-,conferencia
842,Symposium on Computer Architecture and High Performance Computing,2004,-,conferencia
843,2014 IEEE/ACM 7th International Conference on Utility and Cloud Computing (UCC),2014,-,conferencia
844,"2015 23rd Euromicro International Conference on Parallel, Distributed and NetworkBased Processing (PDP)",,-,conferencia
845,XXXIV Simpósio Brasileiro de Redes de Computadores e Sistemas Distribuídos - SBRC,2016,-,conferencia
846,"10th International Conference, GECON - Economics of Grids, Clouds, Systems, and Services",2013,-,conferencia
847,IT CONFERENCE SUCESU-MT 2003,2003,-,conferencia
848,II Jornada da Produção Científica da Educação Profissional e Tecnológica da Região Centro Oeste,,-,conferencia
849,the 5th ACM,2018,-,conferencia
850,I Jornada Científica do Estado de Mato Grosso,2006,-,conferencia
851,WOB - II Workshp Brasileiro de Bioinformática,2003,-,conferencia
852,6º Jornada Ciêntífica da UFSCar,2005,-,conferencia
853,Proceedings of the IEEE WCCI 2006,2006,-,conferencia
854,I Simpósio de Biotecnologia da UFSCar,2007,-,conferencia
855,IEEE Congress on Evolutionary Computation (CEC 2008) in World Congress on Computational Intelligence,2008,-,conferencia
856,International Conference on Bioinformatics and Computational Biology,2010,-,conferencia
857,Alice Brasil,,-,conferencia
858,n: X-Meeting 2015 - 11th International Conference of th AB3C + Brazilian Symposium of Bioinformatics,2015,-,conferencia
859,Encontro de Teoria da Computação,2016,-,conferencia
860,Brazilian Summer School on Combinatorics and Algorithms,2001,-,conferencia
861,Workshop Internacional de Combinatória,1996,-,conferencia
862,XVII Congresso da Sociedade Brasileuira de Computação,1997,-,conferencia
863,"VI Latin American Algorithms, Graphs, and Optimization Symposium",2011,-,conferencia
864,"CONFERENCE ON GRAPHICS, PATTERNS AND IMAGES",2012,-,conferencia
865,Workshop de Visão Computacional,2012,-,conferencia
866,Brazilian Conference on Intelligent Systems,2013,-,conferencia
867,22nd International Conference on Pattern Recognition (ICPR),2014,-,conferencia
868,"Conference on Graphics, Patterns and Images (SIBGRAPI)",2014,-,conferencia
869,2019 XV Workshop de Visão Computacional (WVC),2019,-,conferencia
870,ACM-SIAM Symposuim on Discrete Algorithms,2005,-,conferencia
871,Workshop on Solving Irregularly Structured Problems in Parallel,1999,-,conferencia
872,XVIII CNMAC - Congresso Nacional de Matemática Aplicada e Computacional,1995,-,conferencia
873,The 2001 International Conference on Parallel and Distributed Processing Techniques and Applications PDPTA'2001,2001,-,conferencia
874,13th International Conference on Parallel and Distributed Computing and Systems,2001,-,conferencia
875,XXI Congresso da Sociedade Brasileira de Computação,2001,-,conferencia
876,Third International Workshop on Experimental and Efficient Algorithms - WEA 2004,2004,-,conferencia
877,Euro-Par 2004,2004,-,conferencia
878,VI Workshop em Sistemas Computacionais de Alto Desempenho,2005,-,conferencia
879,VII Workshop em Sistemas Computacionais de Alto Desempenho - WSCAD 2006,2006,-,conferencia
880,The Seventh IEEE International Symposium on Cluster Computing and the Grid ? CCGrid 2007,2007,-,conferencia
881,International Latin American Grid Workshop LAGrid 2008,2008,-,conferencia
882,"10th International Conference on High Performance Computing, Grid and e-Science in Asia Pacific Region HPC Asia 2009",2009,-,conferencia
883,"10th International Conference on High Performance Computing, Grid and e-Science in Asia Pacific Region HPC-Asia 2009",2009,-,conferencia
884,2012 41st International Conference on Parallel Processing Workshops (ICPPW),2012,-,conferencia
885,"2014 International Conference on Computational Science,",2014,-,conferencia
886,XIX SIMPÓSIO DE SISTEMAS COMPUTACIONAIS DE ALTO DESEMPENHO,2018,-,conferencia
887,XIX Simpósio em Sistemas Computacionais de Alto Desempenho (WSCAD 2019),2019,-,conferencia
888,VIII Workshop em Sistemas Computacionais de Alto Desempenho (WSCAD 2007),2007,-,conferencia
889,"LAGOS'09 - V Latin-American Algorithms, Graphs and Optimization Symposium",2009,-,conferencia
890,IV Workshop de teses de doutorado em andamento do IC-UNICAMP,2008,-,conferencia
891,CLEI - XXVII Latin-American Conference on informatics,2001,-,conferencia
892,11º Simpósio Internacional de Iniciação Científica da USP,2003,-,conferencia
893,4ª Mostra de Trabalhos Monográficos,1997,-,conferencia
894,VI Simpósio de Teses e Dissertações,2001,-,conferencia
895,II Encontro de Extensão da Univesidade Federal da Grande Dourados e II Encontro de Bolsistas de Extensão de Mato Grosso do Sul,2008,-,conferencia
896,VII Jornada Peruana de Computación,2008,-,conferencia
897,1º Congresso de Computação da Grande Dourados,2008,-,conferencia
898,Joint Conference - SBIA/SBRN/JRI - III Workshop on Computational Intelligence (WCI 2010),2010,-,conferencia
899,International Conference on Software Engineering Advances -- ICSEA,2015,-,conferencia
900,V Simpósio de Teses e Dissertações,2000,-,conferencia
901,ETI - Encontro de Tecnologia e Informática,2006,-,conferencia
902,VIII Simpósio Internacional de Melhoria de Processos de Software,2007,-,conferencia
903,"IV Congresso de Pesquisa, Ensino e Extensão - IV CONPEEX",2007,-,conferencia
904,V Experimental Software Engineering Latin American Workshop,2008,-,conferencia
905,VII Workshop de Teses e Dissertações em Qualidade de Software,2009,-,conferencia
906,"VI Congresso de Pesquisa, Ensino e Extensão - VI CONPEEX",2009,-,conferencia
907,IX Simpósio Brasileiro de Qualidade de Software,2010,-,conferencia
908,VI Workshop Olhar Sociotécnico sobre a Engenharia de Software (paralelo ao Simpósio Brasileiro de Qualidade de Software),2010,-,conferencia
909,Workshop Anual do MPS,2010,-,conferencia
910,X Simpósio Brasileiro de Qualidade de Software,2011,-,conferencia
911,XI Simpósio Brasileiro de Sistemas de Informação,2015,-,conferencia
912,2017 IEEE/ACM 39th International Conference on Software Engineering: Software Engineering Education and Training Track (ICSESEET),2017,-,conferencia
913,the XXXIII Brazilian Symposium,2019,-,conferencia
914,SBQS&apos;20: 19th Brazilian Symposium on Software Quality,,-,conferencia
915,International Conference on Cooperative and Human Aspects of Software Engineering,2021,-,conferencia
916,SBES &apos;21: Brazilian Symposium on Software Engineering,2021,-,conferencia
917,Workshop de Gerência de Projetos de Software do Simpósio Brasileiro de Qualidade de Software,2012,-,conferencia
918,I Workshop sobre Algoritmos de Mineração de Dados,2005,-,conferencia
919,VI Workshop de Teses e Dissertações - XX Simpósio Brasileiro de Computação Gráfica (SIBGRAPI),2007,-,conferencia
920,IV Brazilian Symposium on Mathematical and Computational Biology (BIOMAT),2004,-,conferencia
921,X Congresso da Sociedade Brasileira de Informática em Saúde,2006,-,conferencia
922,XIII Evento de Iniciação Científica da UFPR (EVINCI),2005,-,conferencia
923,2014 International Joint Conference on Neural Networks (IJCNN),,-,conferencia
924,Brazilian Conference on Intelligent Systems (BRACIS),2019,-,conferencia
925,Workshop sobre Educação em Computação,2020,-,conferencia
926,"2013 IEEE International Conference on Systems, Man and Cybernetics (SMC 2013)",,-,conferencia
927,V Simpósio de Teses e Dissertações do Programa de Pós-Graduação da Área de Ciências de Computação e Matemática Computacional,2000,-,conferencia
928,6º Simpósio de Iniciação Científica da USP,1998,-,conferencia
929,VI Seminário de Iniciação Científica da Universidade Federal de Ouro Preto,1998,-,conferencia
930,3º Congresso de Iniciação Científica - ASSER,1998,-,conferencia
931,VI Simpósio de Teses e Dissertações do Programa de Pós-Graduação da Área de Ciências de Computação e Matemática Computacional,2001,-,conferencia
932,XII Simpósio Brasileiro de Informática na Educação,2001,-,conferencia
933,VIII Workshop de Qualidade de Software - XV Simpósio Brasileiro de Engenharia de Software,2001,-,conferencia
934,XXVII Latin-American Conference on Informatics,2001,-,conferencia
935,XII Conferência Internacional de Tecnologia de Software: Qualidade de Software,2001,-,conferencia
936,V Workshop de Teses e Dissertações em Engenharia de Software - XIV Simpósio Brasileiro de Engenharia de Software,2000,-,conferencia
937,Simpósio Brasileiro de Qualidade de Software,2002,-,conferencia
938,14o Congresso Internacional de Tecnologia de Software (CITS 2003),2003,-,conferencia
939,XXIX Conferencia Lationoamericana de Informática (Clei 2003),2003,-,conferencia
940,"X Sessão de Ferramentas, XVII Simpósio Brasileiro de Engenharia de Software (SBES2003)",2003,-,conferencia
941,VII WORKSHOP IBEROAMERICANO DE INGENIERÍA DE REQUISITOS Y DESARROLLO DE AMBIENTES DE SOFTWARE,2004,-,conferencia
942,XXX Conferencia Latinoamericana de Informática (CLEI2004),2004,-,conferencia
943,4ª Jornadas Iberoamericanas de Ingeniería del Software e Ingeniería del Conocimiento,2004,-,conferencia
944,Simpósio Internacional de Melhoria de Processo de Software,2004,-,conferencia
945,Seventeenth International Conference on Software Engineering and Knowledge Engineering,2005,-,conferencia
946,"XIII Workshop sobre Educação em Computação (WEI 2005), XXV Congresso da Sociedade Brasileira de Computação (SBC 2005)",2005,-,conferencia
947,I IFIP Academy on the State of Software Theory and Practice - PhD Colloquium,2005,-,conferencia
948,VII Workshop de Teses e Dissertações Defendidas,2002,-,conferencia
949,IX Simpósio de Teses e Dissertações,2004,-,conferencia
950,4th International Information and Telecommunication Technologies Symposium,2005,-,conferencia
951,18. International Conference on Software Engineering & Knowledge Engineering,2006,-,conferencia
952,"Sessão de Ferramentas, Simpósio Brasileiro de Engenharia de Software",2006,-,conferencia
953,VI Simpósio Brasileiro de Sistemas de Informação,2010,-,conferencia
954,XVI Simpósio Brasileiro de Sistemas Multimídia e Web,2010,-,conferencia
955,Workshop de Ferramentas e Aplicações - XVI Simpósio Brasileiro de Sistemas Multimídia e Web,2010,-,conferencia
956,Escola Regional de Informática - SBC Mato Groso,2010,-,conferencia
957,XXXI Congresso da Sociedade Brasileira de Computação - XXXVIII Seminário Integrado de Software e Hardware,2011,-,conferencia
958,IX Encontro Centro-oeste e Norte dos Grupos PET,2011,-,conferencia
959,XXV Simpósio Brasileiro de Engenharia de Software - Trilha Especial &quot;SBES is 25&quot;,2011,-,conferencia
960,5º Congresso Brasileiro de Extensão Universitária,2011,-,conferencia
961,Simpósio Mineiro de Computação,2012,-,conferencia
962,V Workshop sobre Gerenciamento de Projetos de Software do Simpósio Brasileiro de Qualidade de Software,2012,-,conferencia
963,Simpósio Brasileiro de Informática na Educação (SBIE 2012),2012,-,conferencia
964,16th International Conference on Human-Computer Interaction,2014,-,conferencia
965,14th International Conference on Computational Science and Its Applications,2014,-,conferencia
966,XIII Simpósio Brasileiro de Qualidade de Software,2014,-,conferencia
967,XL Conferência Latino-Americana de Informática,2014,-,conferencia
968,XXI Sessão de Ferramentas do Congresso Brasileiro de Software: Teoria e Prática,2014,-,conferencia
969,5th International Workshop on Process Model Collections: Management and Reuse - 12th International Conference on Business Process Management,2014,-,conferencia
970,30th ACM Symposium on Applied Computing,2015,-,conferencia
971,15th International Conference on Computational Science and Its Applications,2015,-,conferencia
972,15th International Conference on Computational Science and Applications,2015,-,conferencia
973,27th International Conference on Software Engineering and Knowledge Engineering,2015,-,conferencia
974,12th ACS/IEEE International Conference on Computer Systems and Applications,2015,-,conferencia
975,XII Simpósio Brasileiro de Sistemas de Informação,2016,-,conferencia
976,16th International Conference on Computational Science and Its Applications,2016,-,conferencia
977,XV Simpósio Brasileiro de Qualidade de Software,2016,-,conferencia
978,International Conference on Information Technology: New Generations,2017,-,conferencia
979,XIII Simpósio Brasileiro de Sistemas de Informação,2017,-,conferencia
980,2017 EFITA WCCA Congress,2017,-,conferencia
981,Twenty-Ninth International Conference on Software Engineering and Knowledge Engineering,2017,-,conferencia
982,XXIII Simpósio Brasileiro de Sistemas Multimídia e Web,2017,-,conferencia
983,13ª Jornada Científica da Embrapa Gado de Corte,2017,-,conferencia
984,XIV Simpósio Brasileiro de Sistemas de Informação,2018,-,conferencia
985,IX Congresso Brasileiro de Software - Trilha da Indústria,2018,-,conferencia
986,XV Simpósio Brasileiro de Sistemas de Informação,2019,-,conferencia
987,14ª Conferência Ibérica de Sistemas e Tecnologias de Informação,2019,-,conferencia
988,XVIII Simpósio Brasileiro sobre Fatores Humanos em Sistemas Computacionais,2019,-,conferencia
989,XVIII Simpósio Brasileiro sobre Fatores Humanos em Sistemas Computacionais,,-,conferencia
990,22nd International Conference on Enterprise Information Systems,2020,-,conferencia
991,SIGDOC '20: The 38th ACM International Conference on Design of Communication,2020,-,conferencia
992,XIII Congresso Brasileiro de Agroinformática (SBIAGRO 2021),2021,-,conferencia
993,XX Simpósio Brasileiro de Qualidade de Software (SBQS),2021,-,conferencia
994,XX Simpósio Brasileiro de Qualidade de Software (SBQS) - Trilha Educação em Qualidade de Software,2021,-,conferencia
995,FEES'08: Fórum em Educação de Engenharia de Software,2008,-,conferencia
996,WEI'09: XIV Workshop de Educação em Computação,2009,-,conferencia
997,SWEL'09: International Workshop on Ontologies and Semantic Web for E-Learning,2009,-,conferencia
998,2013 IEEE Frontiers in Education Conference (FIE),,-,conferencia
999,2016 IEEE Frontiers in Education Conference (FIE),2016,-,conferencia
1000,the 2011 ACM Symposium,,-,conferencia
1001,"2nd International Conference on Power Engineering, Energy and Electrical Drives, POWERENG 2009",2009,-,conferencia
1002,Escola Regional de Alto Desempenho do CentroOeste,2020,-,conferencia
1003,XXI Simpósio em Sistemas Computacionais de Alto Desempenho,2020,-,conferencia
1004,II ERAD - Escola Regional de Alto Desempenho de São Paulo,2011,-,conferencia
1005,"VI Workshop de Teses, Dissertações e Trabalhos de Iniciação Científica em Andamento",2011,-,conferencia
1006,"VII Workshop de Teses, Dissertações e Trabalhos de Iniciação Científica em Andamento",2012,-,conferencia
1007,The Second Workshop on Circuits and System Design ? WCAS,2012,-,conferencia
1008,"International Conference on Embedded Computer Systems: Architectures, Modeling and Simulation",2014,-,conferencia
1009,Design Automation Conference - Work-in-Progress Session. DAC-WIP,2014,-,conferencia
1010,ACM SIGDA University Booth at DAC 2014,2014,-,conferencia
1011,XVI WSCAD-Simpósio de Sistemas Computacionais de Alto Desempenho,2015,-,conferencia
1012,"26th IEEE International Conference on Application-specific Systems, Architectures and Processors (ASAP)",2015,-,conferencia
1013,XVI WSCAD-Simpósio de Sistemas Computacionais de Alto Desempenho,,-,conferencia
1014,28th Symposium on Integrated Circuits and System Design (SBCCI),2015,-,conferencia
1015,IEEE 28th International Symposium on Computer Architecture and High Performance Computing Workshops,2016,-,conferencia
1016,2016 28th International Symposium on Computer Architecture and High Performance Computing (SBACPAD),,-,conferencia
1017,Workshop sobre Educação em Arquitetura de Computadores (WEAC 2016),2016,-,conferencia
1018,"2016 IEEE International Conference on Electronics, Circuits and Systems (ICECS)",2016,-,conferencia
1019,IEEE International Symposium on Rapid System Prototyping (RSP),2012,-,conferencia
1020,International Symposium on Computer Architecture and High Performance Computing,2018,-,conferencia
1021,Simpósio em Sistemas Computacionais de Alto Desempenho,2018,-,conferencia
1022,http://wscad.facom.ufms.br/,2019,-,conferencia
1023,III Workshop on Computational Grids and Applications,2005,-,conferencia
1024,WSCAD 2005 - VI Workshop de Sistemas Computacionais de Alto Desempenho,2005,-,conferencia
1025,V Workshop de Sistemas Operacionais,2008,-,conferencia
1026,6th International Workshop on Middleware for Grid Computing,2008,-,conferencia
1027,WETICE '06,2006,-,conferencia
1028,Workshop de Realidade Virtual e Aumentada,2012,-,conferencia
1029,XXXV Simpósio Brasileiro de Redes de Computadores e Sistemas Distribuídos (SBRC 2017),2017,-,conferencia
1030,1º WICS ? Workshop sobre as Implicações da Computação na Sociedade,2020,-,conferencia
1031,WSCAD 2014 - XV Simpósio em Sistemas Computacionais de Alto Desempenho,2014,-,conferencia
